condition,scenario_id,horizon_step,CV,RMSE,MAE,R2,NRMSE_band_pct,level,RMSE_mean,RMSE_SD,MAE_mean,R2_mean,NRMSE_band_pct_mean
mismatch_noise,1.0,1,COND_kappa,0.004691895588210019,0.0036137512319656564,0.7069956255753906,1.5639651960700063,per_scenario,,,,,
mismatch_noise,1.0,1,HP_pH,0.0031033660288330984,0.0024300767040256925,0.6229712519623807,3.1033660288331095,per_scenario,,,,,
mismatch_noise,1.0,1,MP_pH,0.003187994646875564,0.0025519837760396703,0.3373354447926711,3.1879946468755755,per_scenario,,,,,
mismatch_noise,1.0,5,COND_kappa,0.005865901765635802,0.004556903497883539,0.5460935834393233,1.9553005885452674,per_scenario,,,,,
mismatch_noise,1.0,5,HP_pH,0.004220554747899974,0.00324982410907422,0.3082737037396286,4.220554747899989,per_scenario,,,,,
mismatch_noise,1.0,5,MP_pH,0.0037907719645080868,0.0029915735421138373,0.060862942271572074,3.7907719645081004,per_scenario,,,,,
mismatch_noise,1.0,10,COND_kappa,0.007376968366544563,0.005894708791904488,0.2893950497796416,2.4589894555148546,per_scenario,,,,,
mismatch_noise,1.0,10,HP_pH,0.005428588903887168,0.004008598233372541,-0.14695283710714646,5.428588903887188,per_scenario,,,,,
mismatch_noise,1.0,10,MP_pH,0.004423019409527801,0.0035892391893791345,-0.2707247037256373,4.423019409527817,per_scenario,,,,,
mismatch_noise,1.0,20,COND_kappa,0.010013178828930519,0.007891063881919538,-0.2825173667115657,3.3377262763101734,per_scenario,,,,,
mismatch_noise,1.0,20,HP_pH,0.005985994634416343,0.004441876697007164,-0.3819744823791469,5.985994634416364,per_scenario,,,,,
mismatch_noise,1.0,20,MP_pH,0.005089405459670073,0.004058539204233077,-0.648322064206303,5.0894054596700915,per_scenario,,,,,
mismatch_noise,1.0,30,COND_kappa,0.012175902420155347,0.00978500930716578,-0.8514492917029162,4.058634140051782,per_scenario,,,,,
mismatch_noise,1.0,30,HP_pH,0.005547066693234722,0.004244941070771166,-0.15411747826902533,5.547066693234742,per_scenario,,,,,
mismatch_noise,1.0,30,MP_pH,0.005737257905858279,0.004526707975781896,-1.1136661564724215,5.737257905858299,per_scenario,,,,,
mismatch_noise,1.0,40,COND_kappa,0.013294576096714758,0.010871372965163504,-1.1578972462397394,4.431525365571586,per_scenario,,,,,
mismatch_noise,1.0,40,HP_pH,0.005903113929450983,0.00452163163505071,-0.2799280454326656,5.9031139294510035,per_scenario,,,,,
mismatch_noise,1.0,40,MP_pH,0.005357816352281691,0.004291330352479239,-0.8181309867689686,5.35781635228171,per_scenario,,,,,
mismatch_noise,2.0,1,COND_kappa,0.004490860151873861,0.003692703513067045,0.510868971793221,1.4969533839579536,per_scenario,,,,,
mismatch_noise,2.0,1,HP_pH,0.0032420072446040405,0.0025930389324284216,0.3083794087258642,3.2420072446040518,per_scenario,,,,,
mismatch_noise,2.0,1,MP_pH,0.0031367128171151254,0.0025027127134857824,0.371536715748338,3.1367128171151366,per_scenario,,,,,
mismatch_noise,2.0,5,COND_kappa,0.005836867892868177,0.0046993829315963975,0.18114343998446025,1.945622630956059,per_scenario,,,,,
mismatch_noise,2.0,5,HP_pH,0.004411680138607493,0.0034593292924512548,-0.27640406888356117,4.411680138607508,per_scenario,,,,,
mismatch_noise,2.0,5,MP_pH,0.0037685078213842023,0.003006354040346392,0.1006755337451406,3.768507821384216,per_scenario,,,,,
mismatch_noise,2.0,10,COND_kappa,0.0073783289038812875,0.006014349146881691,-0.29729814149462097,2.4594429679604293,per_scenario,,,,,
mismatch_noise,2.0,10,HP_pH,0.004933637319998798,0.0038881484445329,-0.5839934700667389,4.933637319998815,per_scenario,,,,,
mismatch_noise,2.0,10,MP_pH,0.004536517065517245,0.0037027946630590488,-0.29434367829797425,4.536517065517261,per_scenario,,,,,
mismatch_noise,2.0,20,COND_kappa,0.008916461268738803,0.006918083334513575,-0.8740320967342077,2.9721537562462674,per_scenario,,,,,
mismatch_noise,2.0,20,HP_pH,0.004517275083263592,0.003561804506797284,-0.29939622862073634,4.517275083263607,per_scenario,,,,,
mismatch_noise,2.0,20,MP_pH,0.004992504329905433,0.004001944640644778,-0.5418434660580924,4.992504329905451,per_scenario,,,,,
mismatch_noise,2.0,30,COND_kappa,0.0096303627190683,0.007719045873764182,-1.182222831061981,3.2101209063561003,per_scenario,,,,,
mismatch_noise,2.0,30,HP_pH,0.004486714967692776,0.003444301678961443,-0.24996412931049505,4.486714967692792,per_scenario,,,,,
mismatch_noise,2.0,30,MP_pH,0.005165185538657374,0.004178628249268115,-0.6429116990583237,5.165185538657393,per_scenario,,,,,
mismatch_noise,2.0,40,COND_kappa,0.010314469648361588,0.00856756189552526,-1.4726265836683718,3.4381565494538626,per_scenario,,,,,
mismatch_noise,2.0,40,HP_pH,0.0048702599396725004,0.0037665125205667395,-0.4410776422779057,4.870259939672518,per_scenario,,,,,
mismatch_noise,2.0,40,MP_pH,0.005532514311131032,0.004540260534213747,-0.8539246035447083,5.5325143111310515,per_scenario,,,,,
mismatch_noise,3.0,1,COND_kappa,0.004880647852544402,0.0038109805280240354,0.5486803912615263,1.6268826175148008,per_scenario,,,,,
mismatch_noise,3.0,1,HP_pH,0.0033236936811710193,0.0026361647212174663,0.6066609963525795,3.323693681171031,per_scenario,,,,,
mismatch_noise,3.0,1,MP_pH,0.0031116650808999404,0.0024828736041774624,0.6833134802206111,3.1116650808999515,per_scenario,,,,,
mismatch_noise,3.0,5,COND_kappa,0.006194703076911039,0.00495996327808891,0.2704830621951011,2.0649010256370133,per_scenario,,,,,
mismatch_noise,3.0,5,HP_pH,0.00442880891864076,0.0034263640945488127,0.3087822388443957,4.428808918640776,per_scenario,,,,,
mismatch_noise,3.0,5,MP_pH,0.004454060054947766,0.0035608357974266456,0.35654406081757917,4.454060054947782,per_scenario,,,,,
mismatch_noise,3.0,10,COND_kappa,0.007422901682620553,0.005907165866183652,-0.04040693331067802,2.474300560873518,per_scenario,,,,,
mismatch_noise,3.0,10,HP_pH,0.005143578111562633,0.004036552022116027,0.0783214347787714,5.14357811156265,per_scenario,,,,,
mismatch_noise,3.0,10,MP_pH,0.005793510267972359,0.004600735400493419,-0.07519248614268381,5.79351026797238,per_scenario,,,,,
mismatch_noise,3.0,20,COND_kappa,0.00860360232456617,0.007074925811326066,-0.382133602308965,2.867867441522056,per_scenario,,,,,
mismatch_noise,3.0,20,HP_pH,0.005805557677937057,0.004608392965879194,-0.14950064186392575,5.805557677937077,per_scenario,,,,,
mismatch_noise,3.0,20,MP_pH,0.0069448779312726245,0.0055538787171561235,-0.5103494416108632,6.944877931272648,per_scenario,,,,,
mismatch_noise,3.0,30,COND_kappa,0.009458346556621545,0.007600603626159968,-0.6396667231472433,3.1527821855405156,per_scenario,,,,,
mismatch_noise,3.0,30,HP_pH,0.0063382169329722765,0.005007509677311587,-0.33160428491408656,6.338216932972299,per_scenario,,,,,
mismatch_noise,3.0,30,MP_pH,0.006993216748813578,0.005943879633279929,-0.5589206066680314,6.9932167488136034,per_scenario,,,,,
mismatch_noise,3.0,40,COND_kappa,0.009814329683239382,0.008125559524133024,-0.8397681858892552,3.271443227746461,per_scenario,,,,,
mismatch_noise,3.0,40,HP_pH,0.006537093777322831,0.0051604630057207335,-0.4185598492080389,6.537093777322854,per_scenario,,,,,
mismatch_noise,3.0,40,MP_pH,0.006173499876494792,0.005045266315026225,-0.2543988666639536,6.173499876494814,per_scenario,,,,,
mismatch_noise,4.0,1,COND_kappa,0.004351981882887134,0.0034558560910110986,0.6296135940484596,1.4506606276290446,per_scenario,,,,,
mismatch_noise,4.0,1,HP_pH,0.002907641362581174,0.0023318739818144587,0.5508936640150668,2.9076413625811846,per_scenario,,,,,
mismatch_noise,4.0,1,MP_pH,0.003268344739349919,0.0025916823115851462,0.5511412285941052,3.2683447393499305,per_scenario,,,,,
mismatch_noise,4.0,5,COND_kappa,0.006090776664989221,0.0049021443662352554,0.2748602806853221,2.0302588883297403,per_scenario,,,,,
mismatch_noise,4.0,5,HP_pH,0.0036409502871570737,0.0029384991273413525,0.3012953202464973,3.6409502871570867,per_scenario,,,,,
mismatch_noise,4.0,5,MP_pH,0.003927355891112905,0.003160176917814429,0.3542009042392371,3.9273558911129194,per_scenario,,,,,
mismatch_noise,4.0,10,COND_kappa,0.007356417022691102,0.005929455193511067,-0.04362707834895918,2.4521390075637006,per_scenario,,,,,
mismatch_noise,4.0,10,HP_pH,0.004182484013395061,0.003361222924183137,0.08708566728105094,4.182484013395076,per_scenario,,,,,
mismatch_noise,4.0,10,MP_pH,0.004793098842054523,0.003744831623393929,0.04978068653689527,4.79309884205454,per_scenario,,,,,
mismatch_noise,4.0,20,COND_kappa,0.008316112193165373,0.006579906397250372,-0.3036595947577887,2.772037397721791,per_scenario,,,,,
mismatch_noise,4.0,20,HP_pH,0.004650423428771184,0.0037775517697433416,-0.10418944571179112,4.650423428771201,per_scenario,,,,,
mismatch_noise,4.0,20,MP_pH,0.00542175998018295,0.004356711522490642,-0.1894078667762258,5.42175998018297,per_scenario,,,,,
mismatch_noise,4.0,30,COND_kappa,0.00973944086184111,0.007712599559636932,-0.7457687878091688,3.2464802872803697,per_scenario,,,,,
mismatch_noise,4.0,30,HP_pH,0.004823618758763211,0.003832728069731565,-0.20024263430643408,4.823618758763228,per_scenario,,,,,
mismatch_noise,4.0,30,MP_pH,0.005515635517795026,0.004455283587650877,-0.20310457080877886,5.515635517795046,per_scenario,,,,,
mismatch_noise,4.0,40,COND_kappa,0.011083075028369924,0.008377534638855499,-1.212486784293635,3.6943583427899744,per_scenario,,,,,
mismatch_noise,4.0,40,HP_pH,0.004480816482427452,0.0035557424065164487,-0.047499895969679296,4.480816482427468,per_scenario,,,,,
mismatch_noise,4.0,40,MP_pH,0.005995158366049498,0.004806634621207178,-0.386199968318917,5.995158366049519,per_scenario,,,,,
mismatch_noise,5.0,1,COND_kappa,0.004652865382485064,0.0036705655684741204,0.6633332371181395,1.5509551274950215,per_scenario,,,,,
mismatch_noise,5.0,1,HP_pH,0.003111908858259793,0.0024585691832539726,0.597518100874046,3.1119088582598042,per_scenario,,,,,
mismatch_noise,5.0,1,MP_pH,0.0033826568164982934,0.0027564133513041608,0.4364622498694243,3.3826568164983057,per_scenario,,,,,
mismatch_noise,5.0,5,COND_kappa,0.006119249942047946,0.004956688154931184,0.4240131737255449,2.039749980682649,per_scenario,,,,,
mismatch_noise,5.0,5,HP_pH,0.004218048820378144,0.0033091198451046014,0.2648668803232799,4.218048820378159,per_scenario,,,,,
mismatch_noise,5.0,5,MP_pH,0.004363982649025608,0.003486189121136973,0.06933292046166317,4.3639826490256235,per_scenario,,,,,
mismatch_noise,5.0,10,COND_kappa,0.007593621901411282,0.006164321931650156,0.12382774463129353,2.5312073004704274,per_scenario,,,,,
mismatch_noise,5.0,10,HP_pH,0.004940914985196051,0.00398301583900244,-0.010979386226337429,4.940914985196068,per_scenario,,,,,
mismatch_noise,5.0,10,MP_pH,0.004651188440438634,0.003861777697237448,-0.06306125247961902,4.65118844043865,per_scenario,,,,,
mismatch_noise,5.0,20,COND_kappa,0.008670952330530076,0.006871098981215587,-0.12742403184227746,2.8903174435100256,per_scenario,,,,,
mismatch_noise,5.0,20,HP_pH,0.005589488391233995,0.004463212552592242,-0.2673078713849941,5.589488391234014,per_scenario,,,,,
mismatch_noise,5.0,20,MP_pH,0.004616784289518406,0.0037277074007678397,-0.03152488930474262,4.616784289518423,per_scenario,,,,,
mismatch_noise,5.0,30,COND_kappa,0.009222053427760411,0.0074899984580699425,-0.2522230206071556,3.0740178092534705,per_scenario,,,,,
mismatch_noise,5.0,30,HP_pH,0.005881282290283766,0.004505143684487357,-0.37143452049982906,5.881282290283787,per_scenario,,,,,
mismatch_noise,5.0,30,MP_pH,0.004546357188730223,0.0037107991882806913,0.010530083681962066,4.546357188730239,per_scenario,,,,,
mismatch_noise,5.0,40,COND_kappa,0.00992198223120957,0.007990129772465488,-0.43928621145494273,3.30732741040319,per_scenario,,,,,
mismatch_noise,5.0,40,HP_pH,0.005759445028620522,0.004445359991100789,-0.29052931717532315,5.759445028620543,per_scenario,,,,,
mismatch_noise,5.0,40,MP_pH,0.005009202361166123,0.003967311672862533,-0.18691863907232653,5.009202361166141,per_scenario,,,,,
mismatch_noise,6.0,1,COND_kappa,0.004797252314674884,0.003764789922987659,0.6922218498965345,1.5990841048916282,per_scenario,,,,,
mismatch_noise,6.0,1,HP_pH,0.0030882531750011754,0.002400957197711536,0.6393020218308165,3.0882531750011863,per_scenario,,,,,
mismatch_noise,6.0,1,MP_pH,0.003052445566092818,0.00238530616719994,0.4466854479287733,3.052445566092829,per_scenario,,,,,
mismatch_noise,6.0,5,COND_kappa,0.006661782451968778,0.005188945449545946,0.4078606529166334,2.220594150656259,per_scenario,,,,,
mismatch_noise,6.0,5,HP_pH,0.00416340834665251,0.003302079179238074,0.34790588704384073,4.163408346652525,per_scenario,,,,,
mismatch_noise,6.0,5,MP_pH,0.003707524852941659,0.00292334714085494,0.19066607736283703,3.7075248529416722,per_scenario,,,,,
mismatch_noise,6.0,10,COND_kappa,0.008361990725355184,0.006574469230838523,0.0732703647269557,2.7873302417850616,per_scenario,,,,,
mismatch_noise,6.0,10,HP_pH,0.005355437834763253,0.0043256938924496275,-0.06488600020906965,5.355437834763271,per_scenario,,,,,
mismatch_noise,6.0,10,MP_pH,0.004030805478318612,0.0032147834950086054,0.05317929660505272,4.0308054783186265,per_scenario,,,,,
mismatch_noise,6.0,20,COND_kappa,0.010399813176159338,0.008305407715647339,-0.39960301375671814,3.466604392053113,per_scenario,,,,,
mismatch_noise,6.0,20,HP_pH,0.006232728850229469,0.005088958308634078,-0.42582788011184713,6.232728850229492,per_scenario,,,,,
mismatch_noise,6.0,20,MP_pH,0.004810420400891609,0.0037890169108173977,-0.32669483082158557,4.810420400891626,per_scenario,,,,,
mismatch_noise,6.0,30,COND_kappa,0.011849103485535455,0.009171522606662286,-0.796625300557537,3.9497011618451516,per_scenario,,,,,
mismatch_noise,6.0,30,HP_pH,0.006425884446679048,0.005224318184289334,-0.4840736030904431,6.42588444667907,per_scenario,,,,,
mismatch_noise,6.0,30,MP_pH,0.005474476240686118,0.004211354458323478,-0.67825650946158,5.474476240686138,per_scenario,,,,,
mismatch_noise,6.0,40,COND_kappa,0.012066202470316846,0.009482928903343294,-0.8490288787570854,4.0220674901056155,per_scenario,,,,,
mismatch_noise,6.0,40,HP_pH,0.006451818143310086,0.0054185311865643845,-0.4673359999795965,6.451818143310109,per_scenario,,,,,
mismatch_noise,6.0,40,MP_pH,0.005777437140903583,0.004535991865611827,-0.8436844591337553,5.777437140903603,per_scenario,,,,,
mismatch_noise,7.0,1,COND_kappa,0.004729466433059862,0.0038678399424959364,0.6670240122175053,1.5764888110199542,per_scenario,,,,,
mismatch_noise,7.0,1,HP_pH,0.0032188670846760746,0.0025572211413449546,0.39924082364738744,3.218867084676086,per_scenario,,,,,
mismatch_noise,7.0,1,MP_pH,0.0031500026863098035,0.0025042781224985182,0.4747465229052179,3.150002686309815,per_scenario,,,,,
mismatch_noise,7.0,5,COND_kappa,0.006266773092987246,0.0049060002939417795,0.4212584249551389,2.088924364329082,per_scenario,,,,,
mismatch_noise,7.0,5,HP_pH,0.003869111758617707,0.003090820778069129,0.1366539159447514,3.869111758617721,per_scenario,,,,,
mismatch_noise,7.0,5,MP_pH,0.003900077313604749,0.003170859565300132,0.2012149716506586,3.9000773136047626,per_scenario,,,,,
mismatch_noise,7.0,10,COND_kappa,0.007205815696626852,0.005638331310100338,0.24484347197456435,2.401938565542284,per_scenario,,,,,
mismatch_noise,7.0,10,HP_pH,0.004302560143224344,0.003382910009889031,-0.07235029377086533,4.30256014322436,per_scenario,,,,,
mismatch_noise,7.0,10,MP_pH,0.004508491245992661,0.0036152843744686387,-0.0569451234903291,4.508491245992677,per_scenario,,,,,
mismatch_noise,7.0,20,COND_kappa,0.008151494699062845,0.006468231238442888,0.057690426092634195,2.717164899687615,per_scenario,,,,,
mismatch_noise,7.0,20,HP_pH,0.004786767730167528,0.0038140500481041993,-0.30257057185067393,4.786767730167545,per_scenario,,,,,
mismatch_noise,7.0,20,MP_pH,0.005369520467777813,0.004329496226923822,-0.4718580469926208,5.369520467777832,per_scenario,,,,,
mismatch_noise,7.0,30,COND_kappa,0.009585121717938029,0.007873191389544208,-0.27282490663141457,3.1950405726460094,per_scenario,,,,,
mismatch_noise,7.0,30,HP_pH,0.004819222196012695,0.003845386193599073,-0.30475889246611665,4.819222196012713,per_scenario,,,,,
mismatch_noise,7.0,30,MP_pH,0.005673379244109483,0.004466936125974501,-0.6162317781672182,5.673379244109503,per_scenario,,,,,
mismatch_noise,7.0,40,COND_kappa,0.010199117815184351,0.008310195246819894,-0.44121766491628955,3.399705938394784,per_scenario,,,,,
mismatch_noise,7.0,40,HP_pH,0.004970889378844426,0.004023468719770723,-0.3710294618907519,4.9708893788444435,per_scenario,,,,,
mismatch_noise,7.0,40,MP_pH,0.005934836041071721,0.004789233237357799,-0.8929757326467398,5.934836041071742,per_scenario,,,,,
mismatch_noise,8.0,1,COND_kappa,0.004811077305290391,0.003908311666850773,0.7946919183314873,1.6036924350967972,per_scenario,,,,,
mismatch_noise,8.0,1,HP_pH,0.003003671007491189,0.002381551037844803,0.5992769131230522,3.0036710074912,per_scenario,,,,,
mismatch_noise,8.0,1,MP_pH,0.003134831822591442,0.002525000142654736,0.5208839116917954,3.134831822591453,per_scenario,,,,,
mismatch_noise,8.0,5,COND_kappa,0.006271797140317274,0.004836643632118193,0.6507733286425242,2.0905990467724247,per_scenario,,,,,
mismatch_noise,8.0,5,HP_pH,0.004172572332281693,0.0033154038395526793,0.23252884878568014,4.172572332281708,per_scenario,,,,,
mismatch_noise,8.0,5,MP_pH,0.0038397995460738668,0.003032142575672881,0.2812209555396622,3.8397995460738805,per_scenario,,,,,
mismatch_noise,8.0,10,COND_kappa,0.008077346216011345,0.006394978159011453,0.4253853558699039,2.6924487386704485,per_scenario,,,,,
mismatch_noise,8.0,10,HP_pH,0.004622500519551095,0.0036983348068691567,0.05864665499011168,4.622500519551111,per_scenario,,,,,
mismatch_noise,8.0,10,MP_pH,0.004179985447143841,0.003378604854831627,0.1537844137898262,4.179985447143856,per_scenario,,,,,
mismatch_noise,8.0,20,COND_kappa,0.010265533152359063,0.007886497687810287,0.08969580459716286,3.4218443841196877,per_scenario,,,,,
mismatch_noise,8.0,20,HP_pH,0.004783865807641012,0.0037352162774004116,-0.009647375136780045,4.783865807641029,per_scenario,,,,,
mismatch_noise,8.0,20,MP_pH,0.004668523257516522,0.003780965089557362,-0.0315521104081391,4.668523257516539,per_scenario,,,,,
mismatch_noise,8.0,30,COND_kappa,0.01189921465540122,0.009264746723317813,-0.2011219588191382,3.9664048851337395,per_scenario,,,,,
mismatch_noise,8.0,30,HP_pH,0.0047972563923722655,0.003778428698596721,-0.017186254945888546,4.797256392372282,per_scenario,,,,,
mismatch_noise,8.0,30,MP_pH,0.004882426489653236,0.0037845206257456137,-0.118276244829431,4.882426489653254,per_scenario,,,,,
mismatch_noise,8.0,40,COND_kappa,0.013344989127100986,0.0105447099064838,-0.48125798984893575,4.448329709033662,per_scenario,,,,,
mismatch_noise,8.0,40,HP_pH,0.004680379820737941,0.0036898313515452306,0.036841006034089574,4.680379820737958,per_scenario,,,,,
mismatch_noise,8.0,40,MP_pH,0.00493695357025162,0.003900617926957767,-0.12205377131314088,4.936953570251638,per_scenario,,,,,
mismatch_noise,9.0,1,COND_kappa,0.005015120839814115,0.003952807731406444,0.5191281014294082,1.671706946604705,per_scenario,,,,,
mismatch_noise,9.0,1,HP_pH,0.0030811510185617948,0.0024756899376340694,0.5937235859388683,3.0811510185618056,per_scenario,,,,,
mismatch_noise,9.0,1,MP_pH,0.002970015441282818,0.002393111989280949,0.5497072951607076,2.9700154412828286,per_scenario,,,,,
mismatch_noise,9.0,5,COND_kappa,0.006264016428171801,0.004908989853883827,0.2528366074434386,2.088005476057267,per_scenario,,,,,
mismatch_noise,9.0,5,HP_pH,0.004114968942838578,0.0033256972969173005,0.2824735104331949,4.114968942838592,per_scenario,,,,,
mismatch_noise,9.0,5,MP_pH,0.003862101599005753,0.00316760279613935,0.24342873614560534,3.8621015990057668,per_scenario,,,,,
mismatch_noise,9.0,10,COND_kappa,0.007149879424259161,0.005739474817868838,0.027728913552991008,2.3832931414197205,per_scenario,,,,,
mismatch_noise,9.0,10,HP_pH,0.004631035169206628,0.0037743562445005097,0.10077015643885812,4.631035169206645,per_scenario,,,,,
mismatch_noise,9.0,10,MP_pH,0.004331296017517288,0.003522412546227776,0.055201631285046404,4.331296017517303,per_scenario,,,,,
mismatch_noise,9.0,20,COND_kappa,0.008559498149655533,0.00677623651497108,-0.3882389876155323,2.853166049885178,per_scenario,,,,,
mismatch_noise,9.0,20,HP_pH,0.005007113750881607,0.003968061917404174,-0.032418010661839025,5.007113750881626,per_scenario,,,,,
mismatch_noise,9.0,20,MP_pH,0.005129634718148674,0.004126533720464784,-0.3068504869029278,5.129634718148693,per_scenario,,,,,
mismatch_noise,9.0,30,COND_kappa,0.009398554922543092,0.007561690232343946,-0.6603282486470281,3.1328516408476976,per_scenario,,,,,
mismatch_noise,9.0,30,HP_pH,0.004921036267635126,0.00384260675370803,0.00671908416391509,4.921036267635143,per_scenario,,,,,
mismatch_noise,9.0,30,MP_pH,0.005711787132715172,0.00457742054344447,-0.5863362820998026,5.711787132715192,per_scenario,,,,,
mismatch_noise,9.0,40,COND_kappa,0.009943968417537495,0.0077790995333674035,-0.8376494503185081,3.3146561391791654,per_scenario,,,,,
mismatch_noise,9.0,40,HP_pH,0.0054023186442999985,0.004345154253549121,-0.21003619502418136,5.402318644300018,per_scenario,,,,,
mismatch_noise,9.0,40,MP_pH,0.006208972231261673,0.005095292626284715,-0.8548954464759118,6.208972231261695,per_scenario,,,,,
mismatch_noise,10.0,1,COND_kappa,0.005110547089650225,0.004159913974064704,0.7267631731903771,1.703515696550075,per_scenario,,,,,
mismatch_noise,10.0,1,HP_pH,0.003145472786305967,0.00257517750401603,0.6539246354272981,3.145472786305978,per_scenario,,,,,
mismatch_noise,10.0,1,MP_pH,0.0032803563995636516,0.0025075428454742863,0.42619320566479035,3.280356399563663,per_scenario,,,,,
mismatch_noise,10.0,5,COND_kappa,0.006943472700406282,0.0055089836697359085,0.5004526695995156,2.3144909001354272,per_scenario,,,,,
mismatch_noise,10.0,5,HP_pH,0.004222941909141021,0.003267336356511093,0.3805839176112237,4.222941909141036,per_scenario,,,,,
mismatch_noise,10.0,5,MP_pH,0.004025779020517852,0.003211169188831505,0.12427837708204947,4.0257790205178665,per_scenario,,,,,
mismatch_noise,10.0,10,COND_kappa,0.007873296578055649,0.006130213451289122,0.36147118654961996,2.6244321926852163,per_scenario,,,,,
mismatch_noise,10.0,10,HP_pH,0.005211764536143804,0.003982773832099283,0.06639713258772295,5.211764536143822,per_scenario,,,,,
mismatch_noise,10.0,10,MP_pH,0.004761696546972652,0.003814315639759057,-0.23129519743377247,4.7616965469726695,per_scenario,,,,,
mismatch_noise,10.0,20,COND_kappa,0.009727140267486974,0.0077100467669845895,0.006762020358002108,3.242380089162325,per_scenario,,,,,
mismatch_noise,10.0,20,HP_pH,0.005908310859907735,0.004668073515973097,-0.17561391025000783,5.908310859907756,per_scenario,,,,,
mismatch_noise,10.0,20,MP_pH,0.004902550820450153,0.003920554850812831,-0.28370268906595353,4.902550820450171,per_scenario,,,,,
mismatch_noise,10.0,30,COND_kappa,0.01018283701776023,0.008092593138516192,-0.0788882029842406,3.3942790059200765,per_scenario,,,,,
mismatch_noise,10.0,30,HP_pH,0.00614738776991916,0.004837341510716087,-0.2396522617594099,6.147387769919182,per_scenario,,,,,
mismatch_noise,10.0,30,MP_pH,0.004967127747899003,0.004002047559210674,-0.29843205349722934,4.967127747899021,per_scenario,,,,,
mismatch_noise,10.0,40,COND_kappa,0.01076014365256022,0.00872971888169719,-0.1732960073851899,3.5867145508534066,per_scenario,,,,,
mismatch_noise,10.0,40,HP_pH,0.006012556120671067,0.004692102065162291,-0.1539394468181594,6.012556120671088,per_scenario,,,,,
mismatch_noise,10.0,40,MP_pH,0.005071941376824881,0.0040750706706176535,-0.3398541832246187,5.071941376824899,per_scenario,,,,,
mismatch_noise,11.0,1,COND_kappa,0.004638442882568137,0.003646838152021335,0.7060317515505232,1.5461476275227124,per_scenario,,,,,
mismatch_noise,11.0,1,HP_pH,0.003111111942126333,0.002500019567275926,0.6667663243955891,3.1111119421263442,per_scenario,,,,,
mismatch_noise,11.0,1,MP_pH,0.0030194106353830705,0.002379260935836082,0.5895710267516605,3.0194106353830814,per_scenario,,,,,
mismatch_noise,11.0,5,COND_kappa,0.006039452359754575,0.004820845353008782,0.5061422649391293,2.0131507865848586,per_scenario,,,,,
mismatch_noise,11.0,5,HP_pH,0.004237616123553422,0.0034042676673252154,0.3859410147626936,4.237616123553437,per_scenario,,,,,
mismatch_noise,11.0,5,MP_pH,0.004078224789504706,0.0032537868632936742,0.25863745111950043,4.078224789504721,per_scenario,,,,,
mismatch_noise,11.0,10,COND_kappa,0.006851805772491807,0.0054820517334992595,0.37197176735419857,2.2839352574972693,per_scenario,,,,,
mismatch_noise,11.0,10,HP_pH,0.004871549681582791,0.003960855724060203,0.1927315519652586,4.871549681582808,per_scenario,,,,,
mismatch_noise,11.0,10,MP_pH,0.004719905333605844,0.0037105415012650463,0.020202555147720624,4.719905333605861,per_scenario,,,,,
mismatch_noise,11.0,20,COND_kappa,0.007640942064890638,0.006071532477900283,0.238519021226139,2.5469806882968795,per_scenario,,,,,
mismatch_noise,11.0,20,HP_pH,0.005276063785497265,0.00417124600260005,0.05602628477411342,5.276063785497284,per_scenario,,,,,
mismatch_noise,11.0,20,MP_pH,0.005922352851549383,0.004575455780554559,-0.5183323964251714,5.922352851549404,per_scenario,,,,,
mismatch_noise,11.0,30,COND_kappa,0.007923005226399072,0.006503625437139504,0.2012091997140787,2.641001742133024,per_scenario,,,,,
mismatch_noise,11.0,30,HP_pH,0.005051234282857491,0.004083817737201484,0.14277028082970067,5.051234282857509,per_scenario,,,,,
mismatch_noise,11.0,30,MP_pH,0.006543187323544603,0.005176166732011004,-0.8304226288078187,6.543187323544626,per_scenario,,,,,
mismatch_noise,11.0,40,COND_kappa,0.009336043409715293,0.007543667940150376,-0.0825432611225485,3.112014469905098,per_scenario,,,,,
mismatch_noise,11.0,40,HP_pH,0.005382091395777756,0.00426711082266557,0.0490739214828908,5.382091395777776,per_scenario,,,,,
mismatch_noise,11.0,40,MP_pH,0.006682489101541593,0.00526775650283603,-0.8885304205188884,6.682489101541616,per_scenario,,,,,
mismatch_noise,12.0,1,COND_kappa,0.005083104311513773,0.0040931894419838155,0.7626834475283975,1.6943681038379244,per_scenario,,,,,
mismatch_noise,12.0,1,HP_pH,0.003226461965682781,0.002475390059117696,0.630629961455379,3.226461965682793,per_scenario,,,,,
mismatch_noise,12.0,1,MP_pH,0.003080142176331377,0.0024583638809170987,0.4659272793325112,3.080142176331388,per_scenario,,,,,
mismatch_noise,12.0,5,COND_kappa,0.00664184021390289,0.005323961585146619,0.5948502729232369,2.21394673796763,per_scenario,,,,,
mismatch_noise,12.0,5,HP_pH,0.004480079046934454,0.0035189998264826623,0.2944998141461277,4.4800790469344705,per_scenario,,,,,
mismatch_noise,12.0,5,MP_pH,0.003978055299667007,0.0031053084628155396,0.11640853713261812,3.978055299667021,per_scenario,,,,,
mismatch_noise,12.0,10,COND_kappa,0.008210847663626708,0.006442689796183581,0.3819426979656203,2.7369492212089024,per_scenario,,,,,
mismatch_noise,12.0,10,HP_pH,0.005136242750982325,0.004112131608075913,0.07884349419378966,5.136242750982343,per_scenario,,,,,
mismatch_noise,12.0,10,MP_pH,0.004878358447505467,0.003906584160557998,-0.31178041033404713,4.878358447505484,per_scenario,,,,,
mismatch_noise,12.0,20,COND_kappa,0.010884216492216886,0.00871858494310027,-0.07638272691594139,3.6280721640722957,per_scenario,,,,,
mismatch_noise,12.0,20,HP_pH,0.006068131169789459,0.004801827654043604,-0.2614914828233128,6.0681311697894795,per_scenario,,,,,
mismatch_noise,12.0,20,MP_pH,0.0048780065523201235,0.003927078403802674,-0.28290955441004395,4.878006552320141,per_scenario,,,,,
mismatch_noise,12.0,30,COND_kappa,0.012682558190579198,0.010113445395221413,-0.4301919072424629,4.227519396859733,per_scenario,,,,,
mismatch_noise,12.0,30,HP_pH,0.006045951058328459,0.004731793158401111,-0.22317767434811886,6.04595105832848,per_scenario,,,,,
mismatch_noise,12.0,30,MP_pH,0.00503506100473714,0.003875093057242506,-0.330768088366578,5.035061004737158,per_scenario,,,,,
mismatch_noise,12.0,40,COND_kappa,0.01357246978980399,0.010872856469921977,-0.5992400246231084,4.52415659660133,per_scenario,,,,,
mismatch_noise,12.0,40,HP_pH,0.006066167158959531,0.004951093824047986,-0.20338889680982275,6.066167158959552,per_scenario,,,,,
mismatch_noise,12.0,40,MP_pH,0.005439978385949723,0.004369919707902981,-0.5279149752405885,5.439978385949742,per_scenario,,,,,
mismatch_noise,13.0,1,COND_kappa,0.00463272500468729,0.003601346497043624,0.843450915537993,1.544241668229097,per_scenario,,,,,
mismatch_noise,13.0,1,HP_pH,0.003170793229772594,0.0024731040109168575,0.32195628756222106,3.170793229772605,per_scenario,,,,,
mismatch_noise,13.0,1,MP_pH,0.002990948733971975,0.00238760181941417,0.49876128911914075,2.9909487339719854,per_scenario,,,,,
mismatch_noise,13.0,5,COND_kappa,0.006620611423364879,0.005204271752824352,0.6834777350788795,2.2068704744549597,per_scenario,,,,,
mismatch_noise,13.0,5,HP_pH,0.0038000623777342687,0.0030142418749674778,0.03628733749445456,3.800062377734282,per_scenario,,,,,
mismatch_noise,13.0,5,MP_pH,0.004083271701579773,0.0032022994938048217,0.06931006674211815,4.083271701579787,per_scenario,,,,,
mismatch_noise,13.0,10,COND_kappa,0.008286574375768102,0.006613118506438764,0.5080159523470198,2.7621914585893674,per_scenario,,,,,
mismatch_noise,13.0,10,HP_pH,0.004191204880546432,0.003236409696271981,-0.15852409583209726,4.191204880546447,per_scenario,,,,,
mismatch_noise,13.0,10,MP_pH,0.0048392370732992076,0.003819515649588371,-0.3014111168711169,4.839237073299225,per_scenario,,,,,
mismatch_noise,13.0,20,COND_kappa,0.010811041856191769,0.00877345063564188,0.17174754426554695,3.6036806187305896,per_scenario,,,,,
mismatch_noise,13.0,20,HP_pH,0.0043855179427025,0.0034496793336801237,-0.24673685326524897,4.385517942702515,per_scenario,,,,,
mismatch_noise,13.0,20,MP_pH,0.004936861175019903,0.003946968356816369,-0.3463500969823521,4.936861175019921,per_scenario,,,,,
mismatch_noise,13.0,30,COND_kappa,0.01163373844578152,0.009396533855015552,0.0671945064516255,3.877912815260507,per_scenario,,,,,
mismatch_noise,13.0,30,HP_pH,0.004799957604113638,0.003871235266889436,-0.46304710773869373,4.799957604113655,per_scenario,,,,,
mismatch_noise,13.0,30,MP_pH,0.004942779359699351,0.00392480174237731,-0.37047958476573184,4.942779359699368,per_scenario,,,,,
mismatch_noise,13.0,40,COND_kappa,0.012579807737555807,0.009940902166934617,-0.05947462741489984,4.193269245851935,per_scenario,,,,,
mismatch_noise,13.0,40,HP_pH,0.004669116186289666,0.003755444347079989,-0.35358724684092824,4.669116186289682,per_scenario,,,,,
mismatch_noise,13.0,40,MP_pH,0.0051347714313122435,0.004118333091529353,-0.55491435978963,5.134771431312262,per_scenario,,,,,
mismatch_noise,14.0,1,COND_kappa,0.004839082345971907,0.0037551274997265228,0.7570994658769042,1.6130274486573024,per_scenario,,,,,
mismatch_noise,14.0,1,HP_pH,0.0028938069635346276,0.002280588226565191,0.39020972587799385,2.893806963534638,per_scenario,,,,,
mismatch_noise,14.0,1,MP_pH,0.003107032211567549,0.002493759559385303,0.2753748937675111,3.10703221156756,per_scenario,,,,,
mismatch_noise,14.0,5,COND_kappa,0.006805457820679551,0.005600173617647841,0.524754384188368,2.268485940226517,per_scenario,,,,,
mismatch_noise,14.0,5,HP_pH,0.0036766613531626965,0.0029967767269844917,0.023339413882692117,3.6766613531627095,per_scenario,,,,,
mismatch_noise,14.0,5,MP_pH,0.003950364802315768,0.003131660796848824,-0.17215381056136758,3.950364802315782,per_scenario,,,,,
mismatch_noise,14.0,10,COND_kappa,0.008387558282145763,0.006654565323756597,0.28564431737561014,2.7958527607152543,per_scenario,,,,,
mismatch_noise,14.0,10,HP_pH,0.003980606694207815,0.0031810794140206917,-0.13536317305422685,3.9806066942078293,per_scenario,,,,,
mismatch_noise,14.0,10,MP_pH,0.0044830792552448115,0.003645510230876324,-0.5269142465958365,4.483079255244828,per_scenario,,,,,
mismatch_noise,14.0,20,COND_kappa,0.010222289173630075,0.008124602006146623,-0.0403019763167749,3.4074297245433587,per_scenario,,,,,
mismatch_noise,14.0,20,HP_pH,0.003890905906082999,0.00306922881543533,-0.07690330734166118,3.8909059060830127,per_scenario,,,,,
mismatch_noise,14.0,20,MP_pH,0.004401952912663927,0.0035117271321774657,-0.4428669645083818,4.401952912663942,per_scenario,,,,,
mismatch_noise,14.0,30,COND_kappa,0.010796656775221833,0.008239165058562583,-0.1305647682357154,3.598885591740611,per_scenario,,,,,
mismatch_noise,14.0,30,HP_pH,0.003917046945595287,0.003077346720613252,-0.06879379923862938,3.917046945595301,per_scenario,,,,,
mismatch_noise,14.0,30,MP_pH,0.0044845886070424305,0.003547487408134772,-0.4696434467567294,4.484588607042447,per_scenario,,,,,
mismatch_noise,14.0,40,COND_kappa,0.011533425725423423,0.008707834618649737,-0.2748828483217818,3.8444752418078076,per_scenario,,,,,
mismatch_noise,14.0,40,HP_pH,0.004311963831789382,0.00338720203786555,-0.26789338368049753,4.311963831789398,per_scenario,,,,,
mismatch_noise,14.0,40,MP_pH,0.004487510836776001,0.0036088654690385746,-0.4821752839446569,4.487510836776017,per_scenario,,,,,
mismatch_noise,15.0,1,COND_kappa,0.004963508641173535,0.003903585733038269,0.6830625754232337,1.6545028803911783,per_scenario,,,,,
mismatch_noise,15.0,1,HP_pH,0.0030849074193922904,0.002523158886969887,0.4930770295702017,3.084907419392301,per_scenario,,,,,
mismatch_noise,15.0,1,MP_pH,0.003151349729467438,0.002496588099998909,0.5837285488294315,3.1513497294674493,per_scenario,,,,,
mismatch_noise,15.0,5,COND_kappa,0.006666213159182477,0.005317151251040993,0.43270421583642227,2.2220710530608256,per_scenario,,,,,
mismatch_noise,15.0,5,HP_pH,0.003963642974359094,0.003090513903935688,0.15506594409800212,3.9636429743591086,per_scenario,,,,,
mismatch_noise,15.0,5,MP_pH,0.004106087259646182,0.003263967459910178,0.29950195042319994,4.106087259646197,per_scenario,,,,,
mismatch_noise,15.0,10,COND_kappa,0.008043973826773852,0.00628923108370201,0.18487959478152272,2.6813246089246174,per_scenario,,,,,
mismatch_noise,15.0,10,HP_pH,0.004700960666670842,0.0037684503453886313,-0.18553942087261577,4.700960666670859,per_scenario,,,,,
mismatch_noise,15.0,10,MP_pH,0.004655306130520378,0.003747222460256887,0.1056339765640445,4.655306130520395,per_scenario,,,,,
mismatch_noise,15.0,20,COND_kappa,0.00948808919631437,0.007498219707635939,-0.12217805203894949,3.1626963987714563,per_scenario,,,,,
mismatch_noise,15.0,20,HP_pH,0.004677822815206387,0.0035545091647037506,-0.32620586937738305,4.677822815206404,per_scenario,,,,,
mismatch_noise,15.0,20,MP_pH,0.005389729897748717,0.004302776516459208,-0.202411874403156,5.389729897748736,per_scenario,,,,,
mismatch_noise,15.0,30,COND_kappa,0.010211353070984827,0.008349104610012748,-0.27221703495707184,3.4037843569949424,per_scenario,,,,,
mismatch_noise,15.0,30,HP_pH,0.0047889337750342854,0.0037645746008795823,-0.3896885885424495,4.788933775034303,per_scenario,,,,,
mismatch_noise,15.0,30,MP_pH,0.0059716333181277365,0.004887630771026823,-0.4910423593811555,5.971633318127758,per_scenario,,,,,
mismatch_noise,15.0,40,COND_kappa,0.01084665938873518,0.008726577667529135,-0.45704688431160956,3.615553129578393,per_scenario,,,,,
mismatch_noise,15.0,40,HP_pH,0.004878373267776619,0.003840791320628978,-0.48948928023887994,4.878373267776636,per_scenario,,,,,
mismatch_noise,15.0,40,MP_pH,0.006239045974585236,0.004960910761652254,-0.6922467600269195,6.239045974585258,per_scenario,,,,,
mismatch_noise,16.0,1,COND_kappa,0.005069949309694661,0.00413324783998623,0.6554775179110675,1.689983103231554,per_scenario,,,,,
mismatch_noise,16.0,1,HP_pH,0.0029267869504761325,0.0023995648906212463,0.6657562043468874,2.926786950476143,per_scenario,,,,,
mismatch_noise,16.0,1,MP_pH,0.0034335028677278077,0.0027250900246353726,0.5821739630627055,3.43350286772782,per_scenario,,,,,
mismatch_noise,16.0,5,COND_kappa,0.006545499494163988,0.005191586509368967,0.4301792491229205,2.181833164721329,per_scenario,,,,,
mismatch_noise,16.0,5,HP_pH,0.004292212491117479,0.0034633375246362905,0.288554038177393,4.292212491117494,per_scenario,,,,,
mismatch_noise,16.0,5,MP_pH,0.0043228275343029495,0.003422463935346798,0.34489001707116707,4.322827534302965,per_scenario,,,,,
mismatch_noise,16.0,10,COND_kappa,0.00731972541446803,0.005701190013672889,0.28797544059377445,2.4399084714893435,per_scenario,,,,,
mismatch_noise,16.0,10,HP_pH,0.005360037974143885,0.0043149215578413246,-0.10591066149950534,5.3600379741439035,per_scenario,,,,,
mismatch_noise,16.0,10,MP_pH,0.004929687546529609,0.0037820453799837696,0.1595294055280697,4.929687546529626,per_scenario,,,,,
mismatch_noise,16.0,20,COND_kappa,0.00847617772359831,0.006766741606936967,0.054581558451283096,2.8253925745327697,per_scenario,,,,,
mismatch_noise,16.0,20,HP_pH,0.006124241768869227,0.005041859164733253,-0.4232382108466426,6.124241768869249,per_scenario,,,,,
mismatch_noise,16.0,20,MP_pH,0.005433504085963303,0.004283468606883409,0.004217157194492449,5.433504085963322,per_scenario,,,,,
mismatch_noise,16.0,30,COND_kappa,0.009483684216079223,0.007740068010730949,-0.16937733120456966,3.161228072026408,per_scenario,,,,,
mismatch_noise,16.0,30,HP_pH,0.0056250840369806675,0.004597981715849835,-0.20200696724688738,5.625084036980688,per_scenario,,,,,
mismatch_noise,16.0,30,MP_pH,0.006161712193278702,0.004916320885137144,-0.25716659222426497,6.161712193278724,per_scenario,,,,,
mismatch_noise,16.0,40,COND_kappa,0.010221844541152342,0.008304158319972287,-0.3346501507364108,3.407281513717448,per_scenario,,,,,
mismatch_noise,16.0,40,HP_pH,0.005630677128731147,0.004651155742146684,-0.24224518753164692,5.630677128731167,per_scenario,,,,,
mismatch_noise,16.0,40,MP_pH,0.006764145555641746,0.00543933840234902,-0.5016796085355688,6.764145555641771,per_scenario,,,,,
mismatch_noise,17.0,1,COND_kappa,0.004700811414523345,0.003709978721287987,0.7583957174130276,1.5669371381744486,per_scenario,,,,,
mismatch_noise,17.0,1,HP_pH,0.0028645534212412486,0.002266799550211434,0.5427170957263983,2.8645534212412587,per_scenario,,,,,
mismatch_noise,17.0,1,MP_pH,0.0028215836182285906,0.002179624559743115,0.7549772014011065,2.8215836182286007,per_scenario,,,,,
mismatch_noise,17.0,5,COND_kappa,0.006247828458999771,0.004961388560714818,0.5729454422031195,2.0826094863332574,per_scenario,,,,,
mismatch_noise,17.0,5,HP_pH,0.003804343903687835,0.003024427509157335,0.2014474513833665,3.8043439036878484,per_scenario,,,,,
mismatch_noise,17.0,5,MP_pH,0.003550493805234444,0.0027871469785289093,0.6156406066742613,3.550493805234457,per_scenario,,,,,
mismatch_noise,17.0,10,COND_kappa,0.007863600022280383,0.006392242415447429,0.32902920135133895,2.6212000074267943,per_scenario,,,,,
mismatch_noise,17.0,10,HP_pH,0.004174242352391585,0.003331634131318982,0.03374886268505983,4.1742423523916,per_scenario,,,,,
mismatch_noise,17.0,10,MP_pH,0.0043809605755954426,0.003481633548114991,0.4226782582099081,4.3809605755954575,per_scenario,,,,,
mismatch_noise,17.0,20,COND_kappa,0.010145061651669002,0.008394518961245694,-0.0938282437273974,3.381687217223001,per_scenario,,,,,
mismatch_noise,17.0,20,HP_pH,0.00506436536114958,0.003958046528282357,-0.43182073197874926,5.064365361149599,per_scenario,,,,,
mismatch_noise,17.0,20,MP_pH,0.005154978627530387,0.004232387022416957,0.2227319783601932,5.154978627530406,per_scenario,,,,,
mismatch_noise,17.0,30,COND_kappa,0.011450299036847389,0.009332482796607047,-0.36449902640888343,3.8167663456157963,per_scenario,,,,,
mismatch_noise,17.0,30,HP_pH,0.005320412468973243,0.0042416559205364565,-0.5518317496528684,5.320412468973261,per_scenario,,,,,
mismatch_noise,17.0,30,MP_pH,0.00559353878925855,0.004562289704781052,0.10537492566547713,5.59353878925857,per_scenario,,,,,
mismatch_noise,17.0,40,COND_kappa,0.012133946755158378,0.009766875434369788,-0.49524291655294284,4.044648918386126,per_scenario,,,,,
mismatch_noise,17.0,40,HP_pH,0.005249577305990381,0.00400254402551925,-0.5077574239965967,5.2495773059904,per_scenario,,,,,
mismatch_noise,17.0,40,MP_pH,0.006414968085604992,0.005164517192263474,-0.17011792381005542,6.414968085605015,per_scenario,,,,,
mismatch_noise,18.0,1,COND_kappa,0.0049599802503812514,0.003969179686328191,0.8532499696921606,1.6533267501270839,per_scenario,,,,,
mismatch_noise,18.0,1,HP_pH,0.0029661818761552603,0.0022887182301194625,0.6188765864105039,2.9661818761552707,per_scenario,,,,,
mismatch_noise,18.0,1,MP_pH,0.00288124500147505,0.0023084616299951333,0.48978769197928507,2.88124500147506,per_scenario,,,,,
mismatch_noise,18.0,5,COND_kappa,0.006242689507833897,0.004978711505694046,0.7695458130415151,2.0808965026112993,per_scenario,,,,,
mismatch_noise,18.0,5,HP_pH,0.004193869664446232,0.003276751789810091,0.2441227299000598,4.193869664446247,per_scenario,,,,,
mismatch_noise,18.0,5,MP_pH,0.0036622076223576596,0.002881452492917572,0.17220041208274361,3.6622076223576725,per_scenario,,,,,
mismatch_noise,18.0,10,COND_kappa,0.007399081118362984,0.006018239767503645,0.6789692182382041,2.4663603727876615,per_scenario,,,,,
mismatch_noise,18.0,10,HP_pH,0.004932687014805911,0.0038713950888376964,-0.046217854738584085,4.9326870148059285,per_scenario,,,,,
mismatch_noise,18.0,10,MP_pH,0.00410100305301155,0.003300059527288666,-0.037274593076641604,4.101003053011564,per_scenario,,,,,
mismatch_noise,18.0,20,COND_kappa,0.009734824846056018,0.00797873846525644,0.452822797964219,3.244941615352006,per_scenario,,,,,
mismatch_noise,18.0,20,HP_pH,0.0051520349408701455,0.004014612540840038,-0.11989136800244005,5.152034940870164,per_scenario,,,,,
mismatch_noise,18.0,20,MP_pH,0.004297138949041608,0.0034609964929183334,-0.14004728590770932,4.297138949041623,per_scenario,,,,,
mismatch_noise,18.0,30,COND_kappa,0.010928155052435412,0.008834156820578335,0.28931532800995063,3.6427183508118044,per_scenario,,,,,
mismatch_noise,18.0,30,HP_pH,0.005641928966812825,0.004419415582372729,-0.3706459240700848,5.641928966812845,per_scenario,,,,,
mismatch_noise,18.0,30,MP_pH,0.00426142441664806,0.003394994198167451,-0.11050462679586692,4.261424416648075,per_scenario,,,,,
mismatch_noise,18.0,40,COND_kappa,0.011362476467082404,0.009420549263559005,0.18331455876229086,3.7874921556941348,per_scenario,,,,,
mismatch_noise,18.0,40,HP_pH,0.0055961304870279956,0.004366967937619015,-0.4369965754337448,5.596130487028016,per_scenario,,,,,
mismatch_noise,18.0,40,MP_pH,0.004321516500303295,0.003392930704136965,-0.16751792953660694,4.321516500303311,per_scenario,,,,,
mismatch_noise,19.0,1,COND_kappa,0.004583505257163705,0.003659859075155048,0.5845953737329429,1.527835085721235,per_scenario,,,,,
mismatch_noise,19.0,1,HP_pH,0.003525736553633155,0.002828582016784139,0.2002256615481054,3.525736553633168,per_scenario,,,,,
mismatch_noise,19.0,1,MP_pH,0.0033698050043007464,0.0026267268395969642,0.3077073336042061,3.3698050043007584,per_scenario,,,,,
mismatch_noise,19.0,5,COND_kappa,0.006362889437745649,0.0049950609557885455,0.203644883962095,2.1209631459152165,per_scenario,,,,,
mismatch_noise,19.0,5,HP_pH,0.0039478133015910626,0.0031618753717640212,0.006201527892248704,3.9478133015910766,per_scenario,,,,,
mismatch_noise,19.0,5,MP_pH,0.004225753855339766,0.003330267430602048,-0.08024611068593623,4.22575385533978,per_scenario,,,,,
mismatch_noise,19.0,10,COND_kappa,0.007813524642653055,0.006153096397610611,-0.19179436313678666,2.604508214217685,per_scenario,,,,,
mismatch_noise,19.0,10,HP_pH,0.004471634262862945,0.0036657572098395923,-0.2707886100349448,4.4716342628629615,per_scenario,,,,,
mismatch_noise,19.0,10,MP_pH,0.0048364418443810325,0.0037933198503891014,-0.4051815637569116,4.836441844381049,per_scenario,,,,,
mismatch_noise,19.0,20,COND_kappa,0.009772697705154255,0.007856538445539558,-0.8342195362468265,3.2575659017180856,per_scenario,,,,,
mismatch_noise,19.0,20,HP_pH,0.004410668385942005,0.003583174447463786,-0.20953722991931434,4.410668385942021,per_scenario,,,,,
mismatch_noise,19.0,20,MP_pH,0.0053158765536745565,0.00410122944563249,-0.6915032063657403,5.315876553674576,per_scenario,,,,,
mismatch_noise,19.0,30,COND_kappa,0.01151722937267253,0.009468055978767263,-1.5434923279415158,3.83907645755751,per_scenario,,,,,
mismatch_noise,19.0,30,HP_pH,0.004519636712211729,0.0036579654574475824,-0.2608444735392905,4.519636712211746,per_scenario,,,,,
mismatch_noise,19.0,30,MP_pH,0.005165692874891929,0.004037580732543965,-0.5727010169925624,5.165692874891947,per_scenario,,,,,
mismatch_noise,19.0,40,COND_kappa,0.01189849606921504,0.009854478509477214,-1.8240074911318578,3.966165356405013,per_scenario,,,,,
mismatch_noise,19.0,40,HP_pH,0.0046004620112911855,0.0037788464747363524,-0.3139118637876641,4.600462011291202,per_scenario,,,,,
mismatch_noise,19.0,40,MP_pH,0.005238104141359106,0.004212011567657709,-0.6054042158000252,5.238104141359125,per_scenario,,,,,
mismatch_noise,20.0,1,COND_kappa,0.004399793887248081,0.0035270642854568616,0.9116776507054396,1.466597962416027,per_scenario,,,,,
mismatch_noise,20.0,1,HP_pH,0.0030867447240473787,0.0024647761614292906,0.5583260957630108,3.0867447240473895,per_scenario,,,,,
mismatch_noise,20.0,1,MP_pH,0.002999641086899557,0.002418041446337863,0.5246065537448348,2.9996410868995675,per_scenario,,,,,
mismatch_noise,20.0,5,COND_kappa,0.005835509042733558,0.004505250083104667,0.8457090493812625,1.9451696809111862,per_scenario,,,,,
mismatch_noise,20.0,5,HP_pH,0.0037391123980766356,0.002980323451945861,0.35534391954838684,3.7391123980766485,per_scenario,,,,,
mismatch_noise,20.0,5,MP_pH,0.0038650519046016713,0.003144130900808016,0.21055258581375824,3.8650519046016854,per_scenario,,,,,
mismatch_noise,20.0,10,COND_kappa,0.006906810744050551,0.005311549867139167,0.786291775417686,2.3022702480168507,per_scenario,,,,,
mismatch_noise,20.0,10,HP_pH,0.004267130666880986,0.003408110925104617,0.13985509201691715,4.267130666881001,per_scenario,,,,,
mismatch_noise,20.0,10,MP_pH,0.004574988572490057,0.003675806362075674,-0.09449176486747235,4.574988572490073,per_scenario,,,,,
mismatch_noise,20.0,20,COND_kappa,0.009176219930571581,0.0072364942734412276,0.6306123036596949,3.0587399768571935,per_scenario,,,,,
mismatch_noise,20.0,20,HP_pH,0.004951736131293171,0.0040106075396808185,-0.23344874158817475,4.951736131293188,per_scenario,,,,,
mismatch_noise,20.0,20,MP_pH,0.005379866776097066,0.004203061066021707,-0.5075381023132433,5.379866776097085,per_scenario,,,,,
mismatch_noise,20.0,30,COND_kappa,0.011304270318730525,0.009055549179826525,0.4386693194501533,3.768090106243508,per_scenario,,,,,
mismatch_noise,20.0,30,HP_pH,0.005122521917376828,0.004189849142757643,-0.32827315303450355,5.122521917376846,per_scenario,,,,,
mismatch_noise,20.0,30,MP_pH,0.005371799062541835,0.00432908018944682,-0.5201750075797236,5.371799062541854,per_scenario,,,,,
mismatch_noise,20.0,40,COND_kappa,0.013487910810432345,0.010748947707714377,0.1808363420774184,4.495970270144115,per_scenario,,,,,
mismatch_noise,20.0,40,HP_pH,0.00528356847801142,0.0044139239280276965,-0.38229768892359295,5.283568478011439,per_scenario,,,,,
mismatch_noise,20.0,40,MP_pH,0.005513232598809199,0.004532392581033817,-0.6032711711822363,5.513232598809219,per_scenario,,,,,
mismatch_noise,21.0,1,COND_kappa,0.004809541893609962,0.003834961211231165,0.6001862664499484,1.6031806312033208,per_scenario,,,,,
mismatch_noise,21.0,1,HP_pH,0.003020257953185986,0.002371808459742427,0.564388967355629,3.0202579531859968,per_scenario,,,,,
mismatch_noise,21.0,1,MP_pH,0.0031197917162595454,0.0024390252401185254,0.5076807749546437,3.1197917162595563,per_scenario,,,,,
mismatch_noise,21.0,5,COND_kappa,0.006078730669428848,0.004906828723336862,0.3648770994980669,2.026243556476283,per_scenario,,,,,
mismatch_noise,21.0,5,HP_pH,0.004178030501513658,0.003326914433496602,0.17521876951933002,4.178030501513673,per_scenario,,,,,
mismatch_noise,21.0,5,MP_pH,0.004261131562601168,0.003383720608913596,0.09014299209750853,4.261131562601184,per_scenario,,,,,
mismatch_noise,21.0,10,COND_kappa,0.0073107969673009724,0.0058815603473846775,0.089928300141916,2.4369323224336576,per_scenario,,,,,
mismatch_noise,21.0,10,HP_pH,0.00499896491240773,0.004011850498745088,-0.16706267456718082,4.9989649124077475,per_scenario,,,,,
mismatch_noise,21.0,10,MP_pH,0.0045915730720188465,0.0036736998566379497,-0.05071859612960661,4.591573072018862,per_scenario,,,,,
mismatch_noise,21.0,20,COND_kappa,0.008260346090977257,0.006618632183662641,-0.15875196679298442,2.753448696992419,per_scenario,,,,,
mismatch_noise,21.0,20,HP_pH,0.005352474604011943,0.0042525655469018,-0.3265104174252609,5.352474604011962,per_scenario,,,,,
mismatch_noise,21.0,20,MP_pH,0.004983053969543293,0.004014467990758712,-0.22245796595821177,4.9830539695433105,per_scenario,,,,,
mismatch_noise,21.0,30,COND_kappa,0.008395776942568895,0.006761193396640101,-0.16857518720247366,2.798592314189632,per_scenario,,,,,
mismatch_noise,21.0,30,HP_pH,0.005180946315098898,0.0041349517311386865,-0.2609659252678569,5.180946315098916,per_scenario,,,,,
mismatch_noise,21.0,30,MP_pH,0.005369147703815681,0.0042630630860386555,-0.41683853287106976,5.369147703815701,per_scenario,,,,,
mismatch_noise,21.0,40,COND_kappa,0.008854251402988457,0.0071788312707363,-0.274728460147994,2.951417134329486,per_scenario,,,,,
mismatch_noise,21.0,40,HP_pH,0.005387808192059501,0.004327814678702274,-0.3773193938064985,5.387808192059521,per_scenario,,,,,
mismatch_noise,21.0,40,MP_pH,0.005350558779159432,0.004155789830021595,-0.47891375751938314,5.350558779159451,per_scenario,,,,,
mismatch_noise,22.0,1,COND_kappa,0.004802202110500795,0.0038778845265334295,0.5890498265201796,1.6007340368335985,per_scenario,,,,,
mismatch_noise,22.0,1,HP_pH,0.0032369923006559374,0.0026042596884362484,0.5027291908427018,3.236992300655949,per_scenario,,,,,
mismatch_noise,22.0,1,MP_pH,0.0030924179734537235,0.002518423742572143,0.39452287672342745,3.0924179734537343,per_scenario,,,,,
mismatch_noise,22.0,5,COND_kappa,0.006375516701444739,0.005140874920731721,0.27572864653250595,2.1251722338149133,per_scenario,,,,,
mismatch_noise,22.0,5,HP_pH,0.004222937086838094,0.003337213127365727,0.15951912649740285,4.222937086838109,per_scenario,,,,,
mismatch_noise,22.0,5,MP_pH,0.003669196547462535,0.0028593140669096358,0.15437096728682909,3.6691965474625476,per_scenario,,,,,
mismatch_noise,22.0,10,COND_kappa,0.0071863460046819195,0.005726717812887622,0.08481453177051124,2.3954486682273064,per_scenario,,,,,
mismatch_noise,22.0,10,HP_pH,0.004947387374017736,0.0038121330606079033,-0.16025221675889734,4.947387374017754,per_scenario,,,,,
mismatch_noise,22.0,10,MP_pH,0.004381108051567845,0.003457093567570583,-0.21319042742298477,4.38110805156786,per_scenario,,,,,
mismatch_noise,22.0,20,COND_kappa,0.008825989439836453,0.006997133369459956,-0.4064260392965875,2.9419964799454847,per_scenario,,,,,
mismatch_noise,22.0,20,HP_pH,0.00450737733822273,0.0036143500038038514,0.02775177500035131,4.507377338222747,per_scenario,,,,,
mismatch_noise,22.0,20,MP_pH,0.005005397778361469,0.0038756857431778416,-0.5932773596610332,5.005397778361487,per_scenario,,,,,
mismatch_noise,22.0,30,COND_kappa,0.009604489091632648,0.007752050167756331,-0.7288674370400425,3.20149636387755,per_scenario,,,,,
mismatch_noise,22.0,30,HP_pH,0.004639311450306404,0.0035172038409868756,-0.010549721535466627,4.639311450306421,per_scenario,,,,,
mismatch_noise,22.0,30,MP_pH,0.005090967777319707,0.00408047829343315,-0.7099229176119193,5.090967777319725,per_scenario,,,,,
mismatch_noise,22.0,40,COND_kappa,0.010128411865334488,0.008172062983928887,-0.9003113944132399,3.3761372884448297,per_scenario,,,,,
mismatch_noise,22.0,40,HP_pH,0.004804811384774561,0.0039018227826710604,-0.07191452937531073,4.804811384774578,per_scenario,,,,,
mismatch_noise,22.0,40,MP_pH,0.0052116944808796055,0.004318091290177323,-0.8495379299213675,5.211694480879624,per_scenario,,,,,
mismatch_noise,23.0,1,COND_kappa,0.004945022902303682,0.003864469478394032,0.7825046839353298,1.6483409674345608,per_scenario,,,,,
mismatch_noise,23.0,1,HP_pH,0.0031830421920097146,0.0025281422049396292,0.38382158292969804,3.183042192009726,per_scenario,,,,,
mismatch_noise,23.0,1,MP_pH,0.002978662638293099,0.0023696719282908564,0.6372004522055396,2.97866263829311,per_scenario,,,,,
mismatch_noise,23.0,5,COND_kappa,0.006775916733070341,0.005318379788918429,0.5919666473046823,2.2586389110234473,per_scenario,,,,,
mismatch_noise,23.0,5,HP_pH,0.003921688298843865,0.0031042168171777646,0.06184553764232548,3.921688298843879,per_scenario,,,,,
mismatch_noise,23.0,5,MP_pH,0.0038591403567653664,0.003032351512313705,0.36965348953356525,3.8591403567653804,per_scenario,,,,,
mismatch_noise,23.0,10,COND_kappa,0.007965048109351065,0.006358407676499334,0.44255388435585763,2.655016036450355,per_scenario,,,,,
mismatch_noise,23.0,10,HP_pH,0.0044798134950760375,0.0036011628374750413,-0.23530409190589285,4.479813495076054,per_scenario,,,,,
mismatch_noise,23.0,10,MP_pH,0.004728070865527,0.0037086083992600343,0.031737218799006595,4.728070865527017,per_scenario,,,,,
mismatch_noise,23.0,20,COND_kappa,0.009170714147094321,0.007489939718279203,0.27867301687357615,3.0569047156981073,per_scenario,,,,,
mismatch_noise,23.0,20,HP_pH,0.005041780340407148,0.004182912519968481,-0.536112775815365,5.041780340407166,per_scenario,,,,,
mismatch_noise,23.0,20,MP_pH,0.005249544144480673,0.004156464373950322,-0.17727943938442392,5.249544144480692,per_scenario,,,,,
mismatch_noise,23.0,30,COND_kappa,0.01028615263301762,0.008543421626129026,0.10693718432190447,3.428717544339207,per_scenario,,,,,
mismatch_noise,23.0,30,HP_pH,0.004891986689617144,0.003965977765460879,-0.4267203187869215,4.891986689617162,per_scenario,,,,,
mismatch_noise,23.0,30,MP_pH,0.0055115325755492545,0.004350754433905245,-0.27116449125250863,5.511532575549274,per_scenario,,,,,
mismatch_noise,23.0,40,COND_kappa,0.01008450515406152,0.008288162699677247,0.1265362370205566,3.3615017180205062,per_scenario,,,,,
mismatch_noise,23.0,40,HP_pH,0.004449929458511418,0.0035428097257503067,-0.23903414674554835,4.449929458511434,per_scenario,,,,,
mismatch_noise,23.0,40,MP_pH,0.005803837852481966,0.0045766730449091466,-0.374739718854594,5.803837852481987,per_scenario,,,,,
mismatch_noise,24.0,1,COND_kappa,0.004791313766183867,0.003931593311618701,0.822850275568563,1.5971045887279558,per_scenario,,,,,
mismatch_noise,24.0,1,HP_pH,0.00329815844135352,0.0025745494564468154,0.3338838154304473,3.298158441353532,per_scenario,,,,,
mismatch_noise,24.0,1,MP_pH,0.002960590983742213,0.0024043534579171353,0.5502621366359054,2.9605909837422235,per_scenario,,,,,
mismatch_noise,24.0,5,COND_kappa,0.006350377533693397,0.005090950305768938,0.6916585983484553,2.1167925112311323,per_scenario,,,,,
mismatch_noise,24.0,5,HP_pH,0.003937118843048137,0.003140077068722336,0.05792272207436888,3.937118843048151,per_scenario,,,,,
mismatch_noise,24.0,5,MP_pH,0.0040229539029978285,0.003214485410654613,0.1775266839871109,4.022953902997843,per_scenario,,,,,
mismatch_noise,24.0,10,COND_kappa,0.008236618771543594,0.0065978313666057,0.4805694243841724,2.7455395905145314,per_scenario,,,,,
mismatch_noise,24.0,10,HP_pH,0.004260592220702445,0.0033923348599062056,-0.0943851313076336,4.26059222070246,per_scenario,,,,,
mismatch_noise,24.0,10,MP_pH,0.005102444650851644,0.003844439062452477,-0.309873292514411,5.102444650851662,per_scenario,,,,,
mismatch_noise,24.0,20,COND_kappa,0.010213792734111837,0.008165228339303355,0.1603079190686173,3.4045975780372792,per_scenario,,,,,
mismatch_noise,24.0,20,HP_pH,0.00436490692462847,0.0035643521257533815,-0.12914449377627535,4.364906924628486,per_scenario,,,,,
mismatch_noise,24.0,20,MP_pH,0.005750651987281121,0.004293191492941674,-0.6246273079887696,5.750651987281142,per_scenario,,,,,
mismatch_noise,24.0,30,COND_kappa,0.01112677464703636,0.008860103513414484,-0.04210118684124975,3.7089248823454533,per_scenario,,,,,
mismatch_noise,24.0,30,HP_pH,0.004132829299394618,0.0033032703488103774,0.012939643946523804,4.132829299394633,per_scenario,,,,,
mismatch_noise,24.0,30,MP_pH,0.0064746276008832175,0.005050778391042927,-1.0159326411886394,6.47462760088324,per_scenario,,,,,
mismatch_noise,24.0,40,COND_kappa,0.011711477925323443,0.009576213983297402,-0.17981947930285447,3.9038259751078144,per_scenario,,,,,
mismatch_noise,24.0,40,HP_pH,0.00447701922288017,0.003536413222388285,-0.1510342763152126,4.477019222880186,per_scenario,,,,,
mismatch_noise,24.0,40,MP_pH,0.0063359174369909,0.005062999199175006,-1.0175373781461525,6.335917436990922,per_scenario,,,,,
mismatch_noise,25.0,1,COND_kappa,0.004679619693047482,0.003703440493055516,0.6842669813721792,1.5598732310158272,per_scenario,,,,,
mismatch_noise,25.0,1,HP_pH,0.0030235715408301568,0.0023950659786138436,0.46072909632965187,3.0235715408301673,per_scenario,,,,,
mismatch_noise,25.0,1,MP_pH,0.003284579980516352,0.0026295018707403485,0.5254177258509778,3.284579980516363,per_scenario,,,,,
mismatch_noise,25.0,5,COND_kappa,0.005679356006086547,0.004572414506082474,0.538314753471401,1.893118668695516,per_scenario,,,,,
mismatch_noise,25.0,5,HP_pH,0.004039808014478786,0.003152281501079857,0.04657259837954242,4.0398080144788,per_scenario,,,,,
mismatch_noise,25.0,5,MP_pH,0.0041077558288229645,0.0031667646305611075,0.26307439835601165,4.107755828822979,per_scenario,,,,,
mismatch_noise,25.0,10,COND_kappa,0.00663172608067801,0.005267594097039763,0.37794047266031294,2.2105753602260036,per_scenario,,,,,
mismatch_noise,25.0,10,HP_pH,0.004678372194656287,0.003708126457103056,-0.266040268967322,4.678372194656304,per_scenario,,,,,
mismatch_noise,25.0,10,MP_pH,0.004932534368308153,0.003847314636966748,-0.053410597221980494,4.93253436830817,per_scenario,,,,,
mismatch_noise,25.0,20,COND_kappa,0.008583252240353821,0.006882551353601243,-0.033024046705818266,2.8610840801179407,per_scenario,,,,,
mismatch_noise,25.0,20,HP_pH,0.004735796327060374,0.0038389160986203276,-0.26605636670089616,4.735796327060391,per_scenario,,,,,
mismatch_noise,25.0,20,MP_pH,0.005676240735330655,0.0044699039724348955,-0.3775512961262135,5.676240735330675,per_scenario,,,,,
mismatch_noise,25.0,30,COND_kappa,0.010328953319024031,0.008327393220377587,-0.5156977101333702,3.4429844396746776,per_scenario,,,,,
mismatch_noise,25.0,30,HP_pH,0.004768538515448265,0.0038764571600423377,-0.26210869748101695,4.768538515448282,per_scenario,,,,,
mismatch_noise,25.0,30,MP_pH,0.005996312067839576,0.0047674443749651015,-0.5201220214645292,5.996312067839598,per_scenario,,,,,
mismatch_noise,25.0,40,COND_kappa,0.012018354593879909,0.009732092060523539,-1.0870238653664703,4.00611819795997,per_scenario,,,,,
mismatch_noise,25.0,40,HP_pH,0.004601774830920345,0.003640771019069189,-0.16943496343511222,4.601774830920361,per_scenario,,,,,
mismatch_noise,25.0,40,MP_pH,0.006686797071336346,0.005290572868078852,-0.8425202518830279,6.68679707133637,per_scenario,,,,,
mismatch_noise,26.0,1,COND_kappa,0.004947980892937711,0.003956902194701729,0.785587384534286,1.6493269643125703,per_scenario,,,,,
mismatch_noise,26.0,1,HP_pH,0.0029354320879479466,0.0023114353652606235,0.46387262035404975,2.9354320879479574,per_scenario,,,,,
mismatch_noise,26.0,1,MP_pH,0.0029744953348707108,0.0024124896991423866,0.5197079744731021,2.9744953348707215,per_scenario,,,,,
mismatch_noise,26.0,5,COND_kappa,0.007002785715239132,0.005522205809430188,0.5750927596536407,2.334261905079711,per_scenario,,,,,
mismatch_noise,26.0,5,HP_pH,0.003475252642538911,0.002859023700064136,0.2432846629078057,3.4752526425389227,per_scenario,,,,,
mismatch_noise,26.0,5,MP_pH,0.004523418103501829,0.003570095280018618,-0.10538882956595796,4.523418103501845,per_scenario,,,,,
mismatch_noise,26.0,10,COND_kappa,0.008732591769583485,0.006817801132236891,0.34547053605793066,2.910863923194495,per_scenario,,,,,
mismatch_noise,26.0,10,HP_pH,0.004073362445951339,0.0032327019832627,-0.04801114845001009,4.0733624459513535,per_scenario,,,,,
mismatch_noise,26.0,10,MP_pH,0.004962717794623809,0.003976621589800869,-0.32400845072667117,4.962717794623826,per_scenario,,,,,
mismatch_noise,26.0,20,COND_kappa,0.011188215320980195,0.008760608560537442,-0.052007029115684666,3.7294051069933984,per_scenario,,,,,
mismatch_noise,26.0,20,HP_pH,0.004550966721161351,0.0036726181661174756,-0.30113576987965907,4.550966721161368,per_scenario,,,,,
mismatch_noise,26.0,20,MP_pH,0.005194153841857078,0.004116004960514855,-0.43046551856104864,5.194153841857096,per_scenario,,,,,
mismatch_noise,26.0,30,COND_kappa,0.013238264074538472,0.010476438101522677,-0.44819596581683085,4.412754691512824,per_scenario,,,,,
mismatch_noise,26.0,30,HP_pH,0.004563351027991001,0.0037498997124828454,-0.28961381197814706,4.563351027991017,per_scenario,,,,,
mismatch_noise,26.0,30,MP_pH,0.005422946726196212,0.004219925976079156,-0.5920272237905311,5.422946726196232,per_scenario,,,,,
mismatch_noise,26.0,40,COND_kappa,0.014699309012527573,0.011751605232766318,-0.7422307038676992,4.899769670842525,per_scenario,,,,,
mismatch_noise,26.0,40,HP_pH,0.004821888444656643,0.003959277548421408,-0.4130368601947949,4.82188844465666,per_scenario,,,,,
mismatch_noise,26.0,40,MP_pH,0.005294331914719696,0.004287037522369747,-0.6425238911881272,5.294331914719715,per_scenario,,,,,
mismatch_noise,27.0,1,COND_kappa,0.005084790880259755,0.003982732022234316,0.7042874604170581,1.6949302934199186,per_scenario,,,,,
mismatch_noise,27.0,1,HP_pH,0.0030759250724732884,0.002417408825094302,0.3618287855704774,3.0759250724732996,per_scenario,,,,,
mismatch_noise,27.0,1,MP_pH,0.0028943156528005976,0.0023553309877176144,0.49813642236609856,2.8943156528006075,per_scenario,,,,,
mismatch_noise,27.0,5,COND_kappa,0.006846159134193765,0.005513051495445714,0.45275786524671957,2.282053044731255,per_scenario,,,,,
mismatch_noise,27.0,5,HP_pH,0.0039205946999601995,0.003153725047369179,-0.053888135534195136,3.9205946999602137,per_scenario,,,,,
mismatch_noise,27.0,5,MP_pH,0.003875299686517678,0.003095897451983406,0.10335403268302557,3.8752996865176916,per_scenario,,,,,
mismatch_noise,27.0,10,COND_kappa,0.008295981353289407,0.006692669491246052,0.17708732599777888,2.765327117763136,per_scenario,,,,,
mismatch_noise,27.0,10,HP_pH,0.004338307404662185,0.0034737646363601576,-0.28796685845611614,4.338307404662201,per_scenario,,,,,
mismatch_noise,27.0,10,MP_pH,0.004618904352685001,0.003667714366555188,-0.26099217486127513,4.618904352685018,per_scenario,,,,,
mismatch_noise,27.0,20,COND_kappa,0.00966071434987915,0.007785373197958834,-0.10079523310739269,3.220238116626384,per_scenario,,,,,
mismatch_noise,27.0,20,HP_pH,0.004303734480091476,0.0034207986119686256,-0.2589852681374665,4.303734480091491,per_scenario,,,,,
mismatch_noise,27.0,20,MP_pH,0.004821311160362664,0.0038959719517720312,-0.3949583632484399,4.821311160362681,per_scenario,,,,,
mismatch_noise,27.0,30,COND_kappa,0.0116301621914046,0.009582366595187344,-0.5659174769423263,3.8767207304682,per_scenario,,,,,
mismatch_noise,27.0,30,HP_pH,0.0044566461102051825,0.003603955836181395,-0.33538811520747314,4.456646110205199,per_scenario,,,,,
mismatch_noise,27.0,30,MP_pH,0.004355845417327003,0.003409359498421715,-0.1133214224322121,4.355845417327019,per_scenario,,,,,
mismatch_noise,27.0,40,COND_kappa,0.01259711578116881,0.010180253393841985,-0.8188891697571303,4.199038593722937,per_scenario,,,,,
mismatch_noise,27.0,40,HP_pH,0.004404686001948225,0.0034733526211615353,-0.2836773815763096,4.404686001948241,per_scenario,,,,,
mismatch_noise,27.0,40,MP_pH,0.004546970649121664,0.003695300615301972,-0.21097949458122156,4.546970649121681,per_scenario,,,,,
mismatch_noise,28.0,1,COND_kappa,0.00485100501721686,0.0038627606395003544,0.7041292545862583,1.6170016724056202,per_scenario,,,,,
mismatch_noise,28.0,1,HP_pH,0.003003382004916304,0.0024164196913021387,0.5849566724065147,3.0033820049163147,per_scenario,,,,,
mismatch_noise,28.0,1,MP_pH,0.0032174097753658996,0.002559516147276672,0.6779188165939247,3.2174097753659114,per_scenario,,,,,
mismatch_noise,28.0,5,COND_kappa,0.006667901798865464,0.005104540402499531,0.4450609135564184,2.2226339329551545,per_scenario,,,,,
mismatch_noise,28.0,5,HP_pH,0.0036813867767194405,0.002966484764804373,0.3816927605450663,3.681386776719454,per_scenario,,,,,
mismatch_noise,28.0,5,MP_pH,0.004476797443017868,0.0033928326411436487,0.3756023000203237,4.476797443017884,per_scenario,,,,,
mismatch_noise,28.0,10,COND_kappa,0.008351883673132323,0.006434996392194038,0.13950359067830886,2.783961224377441,per_scenario,,,,,
mismatch_noise,28.0,10,HP_pH,0.004514004617098875,0.00349586831451833,0.07832284150522018,4.514004617098891,per_scenario,,,,,
mismatch_noise,28.0,10,MP_pH,0.005546183649982618,0.004230412720272584,0.04445096880498578,5.546183649982638,per_scenario,,,,,
mismatch_noise,28.0,20,COND_kappa,0.010404765844719516,0.008492670763641592,-0.3027753949247498,3.4682552815731724,per_scenario,,,,,
mismatch_noise,28.0,20,HP_pH,0.004662206390204153,0.0036675151889512107,0.034236162082185384,4.66220639020417,per_scenario,,,,,
mismatch_noise,28.0,20,MP_pH,0.006316519207626337,0.0048458123456733785,-0.21313041318413828,6.316519207626358,per_scenario,,,,,
mismatch_noise,28.0,30,COND_kappa,0.013097738269910956,0.01098320398146162,-1.0136230414677407,4.365912756636985,per_scenario,,,,,
mismatch_noise,28.0,30,HP_pH,0.004933356669278333,0.003888421435504228,-0.07098780476875466,4.933356669278351,per_scenario,,,,,
mismatch_noise,28.0,30,MP_pH,0.0068531283616632115,0.005354102633476035,-0.41364636046204617,6.853128361663235,per_scenario,,,,,
mismatch_noise,28.0,40,COND_kappa,0.013520127288409131,0.011592870886599653,-1.0892810500203094,4.506709096136377,per_scenario,,,,,
mismatch_noise,28.0,40,HP_pH,0.005326704818356491,0.004094357738779924,-0.23851925940573238,5.32670481835651,per_scenario,,,,,
mismatch_noise,28.0,40,MP_pH,0.007360109364124099,0.005734503007017483,-0.6630582612298335,7.360109364124125,per_scenario,,,,,
mismatch_noise,29.0,1,COND_kappa,0.00499300318172286,0.004003330537827541,0.7011936319375056,1.66433439390762,per_scenario,,,,,
mismatch_noise,29.0,1,HP_pH,0.0030783000376234894,0.0023969932889464454,0.5813370579135256,3.0783000376235004,per_scenario,,,,,
mismatch_noise,29.0,1,MP_pH,0.0031905176342190444,0.002527655211370019,0.5423277938873867,3.1905176342190553,per_scenario,,,,,
mismatch_noise,29.0,5,COND_kappa,0.006413415560392226,0.005160479311175316,0.49824504760660726,2.137805186797409,per_scenario,,,,,
mismatch_noise,29.0,5,HP_pH,0.00417828003126933,0.003260280320739624,0.23277805271895757,4.178280031269345,per_scenario,,,,,
mismatch_noise,29.0,5,MP_pH,0.003937946520001896,0.0031545623787322306,0.30504708084768484,3.93794652000191,per_scenario,,,,,
mismatch_noise,29.0,10,COND_kappa,0.007604913500226119,0.006017371355470165,0.29199415540423823,2.53497116674204,per_scenario,,,,,
mismatch_noise,29.0,10,HP_pH,0.005106640033734447,0.0040603264883748635,-0.14096687839151212,5.106640033734465,per_scenario,,,,,
mismatch_noise,29.0,10,MP_pH,0.004600225817507497,0.003663559080333693,0.059618651449364846,4.600225817507513,per_scenario,,,,,
mismatch_noise,29.0,20,COND_kappa,0.00908005856011657,0.007153794724167305,0.011666713117584271,3.0266861867055233,per_scenario,,,,,
mismatch_noise,29.0,20,HP_pH,0.0053536194820839956,0.004320069001983645,-0.2324855720836423,5.353619482084015,per_scenario,,,,,
mismatch_noise,29.0,20,MP_pH,0.005479307797199783,0.0044456472867483166,-0.33361493056208236,5.4793077971998025,per_scenario,,,,,
mismatch_noise,29.0,30,COND_kappa,0.009389010256976589,0.007555650010448007,-0.08210090240601375,3.129670085658863,per_scenario,,,,,
mismatch_noise,29.0,30,HP_pH,0.005581760938147565,0.004430172146886289,-0.3046173793711904,5.581760938147585,per_scenario,,,,,
mismatch_noise,29.0,30,MP_pH,0.005679145034791322,0.004466720262924566,-0.5193529239218211,5.679145034791342,per_scenario,,,,,
mismatch_noise,29.0,40,COND_kappa,0.010516805372547516,0.008573176136434752,-0.4229865607853691,3.5056017908491723,per_scenario,,,,,
mismatch_noise,29.0,40,HP_pH,0.005600037587453779,0.004419248601637898,-0.2840534493018372,5.600037587453799,per_scenario,,,,,
mismatch_noise,29.0,40,MP_pH,0.005848863987548364,0.00457558542904613,-0.6114787207134889,5.848863987548385,per_scenario,,,,,
mismatch_noise,30.0,1,COND_kappa,0.005250778588454458,0.0041760131368965255,0.48281193633859865,1.7502595294848193,per_scenario,,,,,
mismatch_noise,30.0,1,HP_pH,0.003083319643021573,0.002437277194157214,0.20527988637226102,3.083319643021584,per_scenario,,,,,
mismatch_noise,30.0,1,MP_pH,0.003047621531110224,0.002421628205960671,0.42322254422475136,3.047621531110235,per_scenario,,,,,
mismatch_noise,30.0,5,COND_kappa,0.0064316945976570766,0.005216859918857608,0.2305442595988687,2.143898199219026,per_scenario,,,,,
mismatch_noise,30.0,5,HP_pH,0.003897322961077518,0.0030999971979682323,-0.25810415652518226,3.8973229610775317,per_scenario,,,,,
mismatch_noise,30.0,5,MP_pH,0.003707464191147568,0.002974213294502398,0.14114609345477291,3.707464191147581,per_scenario,,,,,
mismatch_noise,30.0,10,COND_kappa,0.007733883685482896,0.00626189918565157,-0.10344499865696744,2.5779612284942988,per_scenario,,,,,
mismatch_noise,30.0,10,HP_pH,0.0042845186603761975,0.0033299323938368987,-0.5124679309889095,4.284518660376213,per_scenario,,,,,
mismatch_noise,30.0,10,MP_pH,0.004524117022654507,0.0035468227705807566,-0.28304344640677903,4.524117022654523,per_scenario,,,,,
mismatch_noise,30.0,20,COND_kappa,0.008898416774865662,0.006978379673930852,-0.4461662716414827,2.966138924955221,per_scenario,,,,,
mismatch_noise,30.0,20,HP_pH,0.004199220960176329,0.0033425663358648793,-0.5145975622572816,4.199220960176344,per_scenario,,,,,
mismatch_noise,30.0,20,MP_pH,0.00495526225200674,0.004026440853372622,-0.5721241998346127,4.955262252006758,per_scenario,,,,,
mismatch_noise,30.0,30,COND_kappa,0.009586617188721799,0.007665191776798828,-0.6782970692744679,3.195539062907266,per_scenario,,,,,
mismatch_noise,30.0,30,HP_pH,0.004066868743863732,0.0032862604773476654,-0.45955859729281756,4.066868743863747,per_scenario,,,,,
mismatch_noise,30.0,30,MP_pH,0.004762425318950696,0.00381001413843449,-0.44105785108928,4.762425318950713,per_scenario,,,,,
mismatch_noise,30.0,40,COND_kappa,0.009573679320259333,0.007590791111460438,-0.733803274143686,3.191226440086444,per_scenario,,,,,
mismatch_noise,30.0,40,HP_pH,0.0038916230449768945,0.0030784688728851374,-0.3493665443151124,3.8916230449769085,per_scenario,,,,,
mismatch_noise,30.0,40,MP_pH,0.004692109928248929,0.0036929989088668735,-0.38738319929094533,4.692109928248946,per_scenario,,,,,
nominal,1.0,1,COND_kappa,0.0023700270948941622,0.0018118226611500744,0.9521375655928612,0.7900090316313875,per_scenario,,,,,
nominal,1.0,1,HP_pH,0.001486527765153744,0.0011035690713861446,0.869059276849498,1.4865277651537494,per_scenario,,,,,
nominal,1.0,1,MP_pH,0.0014329439447382723,0.0011065527879833823,0.8567565565033244,1.4329439447382775,per_scenario,,,,,
nominal,1.0,5,COND_kappa,0.0045391348025286575,0.003527592308920949,0.8261578074558658,1.5130449341762193,per_scenario,,,,,
nominal,1.0,5,HP_pH,0.003250612288048182,0.0024548717109945458,0.37930979911459517,3.2506122880481936,per_scenario,,,,,
nominal,1.0,5,MP_pH,0.0028320538204778243,0.002277716853527638,0.4449077518442439,2.8320538204778343,per_scenario,,,,,
nominal,1.0,10,COND_kappa,0.006007996685774334,0.004618812854406693,0.695495173845894,2.0026655619247777,per_scenario,,,,,
nominal,1.0,10,HP_pH,0.00422000544903581,0.0032569737284459015,-0.03402958113537857,4.220005449035825,per_scenario,,,,,
nominal,1.0,10,MP_pH,0.0037405422187973395,0.002998315120425034,0.038575361745624814,3.7405422187973527,per_scenario,,,,,
nominal,1.0,20,COND_kappa,0.008673591974731578,0.006902834360689373,0.3625606779763074,2.891197324910526,per_scenario,,,,,
nominal,1.0,20,HP_pH,0.004788384895081134,0.003716663528115352,-0.30921891169642657,4.788384895081151,per_scenario,,,,,
nominal,1.0,20,MP_pH,0.004561756863493084,0.003512046996784612,-0.4566401193888221,4.5617568634931,per_scenario,,,,,
nominal,1.0,30,COND_kappa,0.011523766832340788,0.008750435450009985,-0.10125585314265595,3.8412556107802627,per_scenario,,,,,
nominal,1.0,30,HP_pH,0.004956225449741381,0.003560364547720359,-0.39815105278070817,4.956225449741399,per_scenario,,,,,
nominal,1.0,30,MP_pH,0.0048439993624892095,0.003663591003902691,-0.6132464006325737,4.843999362489227,per_scenario,,,,,
nominal,1.0,40,COND_kappa,0.014195894026260033,0.010795799314118374,-0.6216734946294145,4.731964675420011,per_scenario,,,,,
nominal,1.0,40,HP_pH,0.005038837659748114,0.0037152159708796263,-0.41490921294788263,5.038837659748132,per_scenario,,,,,
nominal,1.0,40,MP_pH,0.004350084000729602,0.003294614553208375,-0.2700335307510937,4.350084000729618,per_scenario,,,,,
nominal,2.0,1,COND_kappa,0.002173818121433817,0.001702325413371981,0.9079757647621007,0.7246060404779391,per_scenario,,,,,
nominal,2.0,1,HP_pH,0.0013754417022376715,0.0010759307212314974,0.849531180415001,1.3754417022376764,per_scenario,,,,,
nominal,2.0,1,MP_pH,0.0012779888071751794,0.001024413071012235,0.8569579671872808,1.277988807175184,per_scenario,,,,,
nominal,2.0,5,COND_kappa,0.004500919804234058,0.003490803172596521,0.6092343145375017,1.5003066014113526,per_scenario,,,,,
nominal,2.0,5,HP_pH,0.003057712596760915,0.0023836390244386567,0.260924097846561,3.057712596760926,per_scenario,,,,,
nominal,2.0,5,MP_pH,0.00250925272069296,0.001988648064769184,0.452784438749118,2.5092527206929693,per_scenario,,,,,
nominal,2.0,10,COND_kappa,0.0059586294286067135,0.004703303037704665,0.3246001761698003,1.9862098095355711,per_scenario,,,,,
nominal,2.0,10,HP_pH,0.004089904871356189,0.0031906078018369755,-0.3062820193605822,4.089904871356203,per_scenario,,,,,
nominal,2.0,10,MP_pH,0.0034718400963607557,0.00277400277802646,-0.034364248342426684,3.4718400963607685,per_scenario,,,,,
nominal,2.0,20,COND_kappa,0.007547990176933521,0.006071935206665414,-0.055245813187849935,2.515996725644507,per_scenario,,,,,
nominal,2.0,20,HP_pH,0.003979416516821352,0.0031354497877871387,-0.24930483694735805,3.9794165168213658,per_scenario,,,,,
nominal,2.0,20,MP_pH,0.004027544599189121,0.0031072674714004603,-0.4100602670114326,4.027544599189135,per_scenario,,,,,
nominal,2.0,30,COND_kappa,0.007640247839724537,0.006295051160772385,-0.057334085672302804,2.546749279908179,per_scenario,,,,,
nominal,2.0,30,HP_pH,0.004146185150591249,0.003107974183030296,-0.32220002241368495,4.146185150591263,per_scenario,,,,,
nominal,2.0,30,MP_pH,0.004177604628455712,0.0032434986627644367,-0.533156121443823,4.177604628455726,per_scenario,,,,,
nominal,2.0,40,COND_kappa,0.007891334243988407,0.0062717954879956545,-0.11365437187342287,2.630444747996136,per_scenario,,,,,
nominal,2.0,40,HP_pH,0.004653455958283543,0.0036679208238627027,-0.6268376114386212,4.653455958283559,per_scenario,,,,,
nominal,2.0,40,MP_pH,0.004582746753508572,0.0037187928028114547,-0.8458338959212779,4.582746753508588,per_scenario,,,,,
nominal,3.0,1,COND_kappa,0.002428018399502561,0.0018913568436328548,0.9338022889427842,0.8093394665008536,per_scenario,,,,,
nominal,3.0,1,HP_pH,0.0013858563309771703,0.0010790447190757548,0.8925171320234477,1.3858563309771752,per_scenario,,,,,
nominal,3.0,1,MP_pH,0.0012649200745741293,0.0010091493774559731,0.8710053741483791,1.2649200745741338,per_scenario,,,,,
nominal,3.0,5,COND_kappa,0.005034599809405375,0.00394682957202714,0.7183923785079678,1.6781999364684583,per_scenario,,,,,
nominal,3.0,5,HP_pH,0.0033543052944216218,0.0026745170150274736,0.37367496843278436,3.3543052944216334,per_scenario,,,,,
nominal,3.0,5,MP_pH,0.002546379168079091,0.0021077737214423454,0.4818257909976198,2.5463791680791004,per_scenario,,,,,
nominal,3.0,10,COND_kappa,0.006353038019746383,0.0051520258375760495,0.5563780987294584,2.117679339915461,per_scenario,,,,,
nominal,3.0,10,HP_pH,0.004645590994963526,0.0036889782788140126,-0.20524956418833895,4.645590994963543,per_scenario,,,,,
nominal,3.0,10,MP_pH,0.003433382012821036,0.002715357509520813,0.06783396651995666,3.4333820128210477,per_scenario,,,,,
nominal,3.0,20,COND_kappa,0.009227341112971668,0.0070229630039657185,0.07513137740786702,3.075780370990556,per_scenario,,,,,
nominal,3.0,20,HP_pH,0.0046087829997583304,0.003607559084067473,-0.15729401704043489,4.608782999758347,per_scenario,,,,,
nominal,3.0,20,MP_pH,0.003917636339684929,0.00312106664019328,-0.2395936121934641,3.9176363396849427,per_scenario,,,,,
nominal,3.0,30,COND_kappa,0.011332790016173494,0.008852457593595826,-0.37215070062263633,3.7775966720578316,per_scenario,,,,,
nominal,3.0,30,HP_pH,0.0049132247889498454,0.003919848763955264,-0.279786510685323,4.913224788949863,per_scenario,,,,,
nominal,3.0,30,MP_pH,0.004175756525137166,0.003449477992931713,-0.42529004928875436,4.17575652513718,per_scenario,,,,,
nominal,3.0,40,COND_kappa,0.01330945650736187,0.010375102899661608,-0.8387452175501702,4.436485502453957,per_scenario,,,,,
nominal,3.0,40,HP_pH,0.005089444933761218,0.0041458767123068565,-0.3394323084431401,5.089444933761237,per_scenario,,,,,
nominal,3.0,40,MP_pH,0.004681906360497314,0.0037300824431204583,-0.7585698828969958,4.68190636049733,per_scenario,,,,,
nominal,4.0,1,COND_kappa,0.002557273091011176,0.0018052802794266065,0.9037195969959938,0.8524243636703921,per_scenario,,,,,
nominal,4.0,1,HP_pH,0.0014213476425212364,0.0010219859921015918,0.9239595744434972,1.4213476425212415,per_scenario,,,,,
nominal,4.0,1,MP_pH,0.0014719710566875527,0.0010509640647824682,0.9035370068894854,1.471971056687558,per_scenario,,,,,
nominal,4.0,5,COND_kappa,0.0054041000606328575,0.003936908920308823,0.5740700391802709,1.801366686877619,per_scenario,,,,,
nominal,4.0,5,HP_pH,0.002837655663040271,0.0020823431876531595,0.6992292347404818,2.837655663040281,per_scenario,,,,,
nominal,4.0,5,MP_pH,0.0030729824505911175,0.0022720930034974183,0.5801212505492521,3.0729824505911285,per_scenario,,,,,
nominal,4.0,10,COND_kappa,0.0069501446392690085,0.005184368904059603,0.3029461533483474,2.316714879756336,per_scenario,,,,,
nominal,4.0,10,HP_pH,0.0038159992024696856,0.0028734779907360116,0.4631148619919786,3.815999202469699,per_scenario,,,,,
nominal,4.0,10,MP_pH,0.004103391650029413,0.0029832790661190856,0.25415350642987655,4.103391650029428,per_scenario,,,,,
nominal,4.0,20,COND_kappa,0.009656411810245628,0.007124018370045558,-0.3209204913202768,3.2188039367485426,per_scenario,,,,,
nominal,4.0,20,HP_pH,0.005028138802717306,0.0037176707328461754,0.08419283652359033,5.028138802717324,per_scenario,,,,,
nominal,4.0,20,MP_pH,0.0048842142834967395,0.0036039004564762554,-0.032261064720032095,4.884214283496757,per_scenario,,,,,
nominal,4.0,30,COND_kappa,0.012124427509225703,0.009476841857148914,-1.0400549556123573,4.041475836408568,per_scenario,,,,,
nominal,4.0,30,HP_pH,0.005426828581518705,0.004251665434016031,-0.0525409955613223,5.426828581518723,per_scenario,,,,,
nominal,4.0,30,MP_pH,0.005241591600419351,0.004159144798797496,-0.15913145018199804,5.241591600419369,per_scenario,,,,,
nominal,4.0,40,COND_kappa,0.014311092158700455,0.011290978831341347,-1.7973322673922691,4.770364052900152,per_scenario,,,,,
nominal,4.0,40,HP_pH,0.005659550677143496,0.004391615056316939,-0.1135474507499945,5.659550677143517,per_scenario,,,,,
nominal,4.0,40,MP_pH,0.005478777313065612,0.004532285612300735,-0.23364939660259743,5.478777313065632,per_scenario,,,,,
nominal,5.0,1,COND_kappa,0.0022969170051775757,0.0017733530327859982,0.8476373394492911,0.7656390017258586,per_scenario,,,,,
nominal,5.0,1,HP_pH,0.0014227344925448685,0.0011134151601988572,0.8684519127581931,1.4227344925448737,per_scenario,,,,,
nominal,5.0,1,MP_pH,0.001302739861011893,0.0010035334121133118,0.8857455221530702,1.3027398610118976,per_scenario,,,,,
nominal,5.0,5,COND_kappa,0.004848185474275064,0.003878185872697703,0.3183065979141846,1.616061824758355,per_scenario,,,,,
nominal,5.0,5,HP_pH,0.0030634746249970485,0.0023824045509089607,0.39638126047172906,3.0634746249970592,per_scenario,,,,,
nominal,5.0,5,MP_pH,0.002852043319806309,0.0022322261850578743,0.4580171760799461,2.852043319806319,per_scenario,,,,,
nominal,5.0,10,COND_kappa,0.006452765134505996,0.005171655497527004,-0.1960710853789196,2.1509217115019985,per_scenario,,,,,
nominal,5.0,10,HP_pH,0.003980480427342198,0.0030638927666545917,-0.006540079964381551,3.980480427342212,per_scenario,,,,,
nominal,5.0,10,MP_pH,0.0038673895266705853,0.00301135292825174,0.016189378652941344,3.867389526670599,per_scenario,,,,,
nominal,5.0,20,COND_kappa,0.008581005663807045,0.00716458782818677,-1.1119534246875422,2.860335221269015,per_scenario,,,,,
nominal,5.0,20,HP_pH,0.004564763436754573,0.0035684864100900254,-0.3062797891498905,4.564763436754589,per_scenario,,,,,
nominal,5.0,20,MP_pH,0.004017732592004544,0.003098892068065632,-0.04840915705392668,4.017732592004558,per_scenario,,,,,
nominal,5.0,30,COND_kappa,0.009686183551377734,0.007891373126489139,-1.8052571517694318,3.2287278504592445,per_scenario,,,,,
nominal,5.0,30,HP_pH,0.004777508604775666,0.003616977905991706,-0.46733059340781913,4.777508604775683,per_scenario,,,,,
nominal,5.0,30,MP_pH,0.0037247491540365377,0.0030190169021602235,0.11631477996481532,3.724749154036551,per_scenario,,,,,
nominal,5.0,40,COND_kappa,0.00978137628338045,0.007899902261837339,-1.7824378866552784,3.2604587611268174,per_scenario,,,,,
nominal,5.0,40,HP_pH,0.004660988015799005,0.0037592713654888976,-0.3584198301067232,4.660988015799021,per_scenario,,,,,
nominal,5.0,40,MP_pH,0.004316766453796133,0.003629341835175831,-0.16781249611460125,4.3167664537961485,per_scenario,,,,,
nominal,6.0,1,COND_kappa,0.002192395045951026,0.001710489924607182,0.9606691635412826,0.7307983486503421,per_scenario,,,,,
nominal,6.0,1,HP_pH,0.0013382187212383346,0.0010270977422794695,0.8927295619527503,1.3382187212383394,per_scenario,,,,,
nominal,6.0,1,MP_pH,0.0013972369773746962,0.0010416109241731587,0.8899906344271795,1.397236977374701,per_scenario,,,,,
nominal,6.0,5,COND_kappa,0.004627751904541034,0.0036689519573203096,0.8240967776935431,1.5425839681803448,per_scenario,,,,,
nominal,6.0,5,HP_pH,0.0029117711746441404,0.002264745661116122,0.49606794140406263,2.9117711746441506,per_scenario,,,,,
nominal,6.0,5,MP_pH,0.002924063775623406,0.002166689528272374,0.5195066293419144,2.924063775623416,per_scenario,,,,,
nominal,6.0,10,COND_kappa,0.0063617007974345816,0.004982654623081578,0.6706267490467155,2.120566932478194,per_scenario,,,,,
nominal,6.0,10,HP_pH,0.004021251055339886,0.0031262377996116746,0.04400332060293066,4.021251055339901,per_scenario,,,,,
nominal,6.0,10,MP_pH,0.0038729003167456534,0.0029047615166355963,0.1638094344042461,3.872900316745667,per_scenario,,,,,
nominal,6.0,20,COND_kappa,0.008061353889985223,0.0066030383310898555,0.484897780180401,2.6871179633284075,per_scenario,,,,,
nominal,6.0,20,HP_pH,0.004792761167842237,0.0037661148766525267,-0.3304119639301444,4.792761167842254,per_scenario,,,,,
nominal,6.0,20,MP_pH,0.005185863501782604,0.003985546928620727,-0.4950989984679073,5.185863501782623,per_scenario,,,,,
nominal,6.0,30,COND_kappa,0.009016174391800564,0.007485969355002646,0.3741591504274875,3.0053914639335213,per_scenario,,,,,
nominal,6.0,30,HP_pH,0.004902501224729938,0.003989825810092253,-0.36558751911977017,4.9025012247299555,per_scenario,,,,,
nominal,6.0,30,MP_pH,0.005781733760381355,0.004332394491026185,-0.8139179052410785,5.781733760381376,per_scenario,,,,,
nominal,6.0,40,COND_kappa,0.009367995524365529,0.007566890658724017,0.3387050869161342,3.12266517478851,per_scenario,,,,,
nominal,6.0,40,HP_pH,0.004850089014510483,0.003933260781941961,-0.3069170276390192,4.8500890145105,per_scenario,,,,,
nominal,6.0,40,MP_pH,0.006125233016437243,0.004878790098372865,-0.9997475770473445,6.125233016437265,per_scenario,,,,,
nominal,7.0,1,COND_kappa,0.002404003237942223,0.0018433725524387055,0.904207955999319,0.8013344126474077,per_scenario,,,,,
nominal,7.0,1,HP_pH,0.001346771704816199,0.0010444558917287205,0.8632296174517707,1.3467717048162038,per_scenario,,,,,
nominal,7.0,1,MP_pH,0.0014044343252798963,0.0010707552656149982,0.899276802644617,1.4044343252799014,per_scenario,,,,,
nominal,7.0,5,COND_kappa,0.0051003268462267715,0.003955728688292012,0.5731479052814249,1.7001089487422572,per_scenario,,,,,
nominal,7.0,5,HP_pH,0.002366257330073193,0.0018832201736008343,0.5733019770641159,2.3662573300732013,per_scenario,,,,,
nominal,7.0,5,MP_pH,0.002951521768980504,0.002269565797062206,0.5593319434136188,2.951521768980515,per_scenario,,,,,
nominal,7.0,10,COND_kappa,0.006860026993191586,0.004976208310952329,0.23638299316242095,2.2866756643971953,per_scenario,,,,,
nominal,7.0,10,HP_pH,0.003020045348636561,0.0024658432053668786,0.2820995227804407,3.0200453486365717,per_scenario,,,,,
nominal,7.0,10,MP_pH,0.004149869378260659,0.0031706733595717805,0.13073511567947615,4.149869378260674,per_scenario,,,,,
nominal,7.0,20,COND_kappa,0.0099115893867002,0.007821619673966643,-0.5561964385116078,3.303863128900067,per_scenario,,,,,
nominal,7.0,20,HP_pH,0.0035677302689682343,0.002942975658671229,-0.01896336200681059,3.5677302689682473,per_scenario,,,,,
nominal,7.0,20,MP_pH,0.005488931429404174,0.0043156076870309815,-0.5258036267134003,5.488931429404194,per_scenario,,,,,
nominal,7.0,30,COND_kappa,0.012736793051020238,0.0099465098809451,-1.513723270968133,4.245597683673412,per_scenario,,,,,
nominal,7.0,30,HP_pH,0.0036304076998092613,0.003046646128870066,-0.03118107392391023,3.6304076998092745,per_scenario,,,,,
nominal,7.0,30,MP_pH,0.006089173392621175,0.0048873635291264775,-0.8561040503984483,6.089173392621197,per_scenario,,,,,
nominal,7.0,40,COND_kappa,0.013726284735381762,0.010611269478855188,-1.843875579835447,4.575428245127254,per_scenario,,,,,
nominal,7.0,40,HP_pH,0.0041152155950809855,0.0034281872790651756,-0.3045117668919435,4.1152155950810005,per_scenario,,,,,
nominal,7.0,40,MP_pH,0.006181695378790973,0.005189359273662824,-0.8864692626516817,6.1816953787909945,per_scenario,,,,,
nominal,8.0,1,COND_kappa,0.0021651230833776808,0.0017145667664252259,0.917718937952422,0.7217076944592269,per_scenario,,,,,
nominal,8.0,1,HP_pH,0.0014269335046402792,0.0010886959278744756,0.8668948949871599,1.4269335046402842,per_scenario,,,,,
nominal,8.0,1,MP_pH,0.0012788257873721793,0.0009987230384614868,0.8688849957147189,1.2788257873721838,per_scenario,,,,,
nominal,8.0,5,COND_kappa,0.004525426870989797,0.0036905531215168947,0.6440444557989886,1.5084756236632655,per_scenario,,,,,
nominal,8.0,5,HP_pH,0.0028014358949999363,0.0021413445843909765,0.49181417798476046,2.8014358949999463,per_scenario,,,,,
nominal,8.0,5,MP_pH,0.002790910359962912,0.002212995401181397,0.3770464489781242,2.790910359962922,per_scenario,,,,,
nominal,8.0,10,COND_kappa,0.0058211650289633175,0.004708704276405017,0.4175571849730867,1.9403883429877729,per_scenario,,,,,
nominal,8.0,10,HP_pH,0.003907842117631291,0.0030658162368131414,0.013115147322710241,3.907842117631305,per_scenario,,,,,
nominal,8.0,10,MP_pH,0.003487704470429529,0.002833105667806853,0.03467027522278965,3.4877044704295415,per_scenario,,,,,
nominal,8.0,20,COND_kappa,0.007098421201496797,0.00557030624114439,0.13516370251205412,2.3661404004989324,per_scenario,,,,,
nominal,8.0,20,HP_pH,0.004291183068550224,0.003356271084571706,-0.16940827536032632,4.2911830685502395,per_scenario,,,,,
nominal,8.0,20,MP_pH,0.004030655169611429,0.003177452647903145,-0.26336641985853126,4.030655169611443,per_scenario,,,,,
nominal,8.0,30,COND_kappa,0.007947914084883297,0.006296212892050649,-0.07441342865244183,2.6493046949610988,per_scenario,,,,,
nominal,8.0,30,HP_pH,0.004158385420752165,0.002841927111436211,-0.07725385219117098,4.15838542075218,per_scenario,,,,,
nominal,8.0,30,MP_pH,0.004430128657053692,0.003700913833929584,-0.5236918350035047,4.430128657053708,per_scenario,,,,,
nominal,8.0,40,COND_kappa,0.008840056486672358,0.007115496541508526,-0.2947159257509355,2.946685495557453,per_scenario,,,,,
nominal,8.0,40,HP_pH,0.003949661899481814,0.002977892724837067,0.04916342729263001,3.949661899481828,per_scenario,,,,,
nominal,8.0,40,MP_pH,0.0048624824425695405,0.004024400194953337,-0.8280937120427729,4.862482442569558,per_scenario,,,,,
nominal,9.0,1,COND_kappa,0.002354674283652903,0.0018589188573220584,0.9303432704313221,0.784891427884301,per_scenario,,,,,
nominal,9.0,1,HP_pH,0.0012312024966946238,0.0010024236645766367,0.8488655690185072,1.2312024966946282,per_scenario,,,,,
nominal,9.0,1,MP_pH,0.00126031092907178,0.0010414592870996563,0.8741375361773184,1.2603109290717844,per_scenario,,,,,
nominal,9.0,5,COND_kappa,0.0051088640061202955,0.004216118482704768,0.6755140022447208,1.7029546687067652,per_scenario,,,,,
nominal,9.0,5,HP_pH,0.0026981871018311497,0.0021523843701552674,0.2818397160782288,2.6981871018311594,per_scenario,,,,,
nominal,9.0,5,MP_pH,0.0027061839315907295,0.0022091037735524266,0.4226478154602994,2.706183931590739,per_scenario,,,,,
nominal,9.0,10,COND_kappa,0.007095005382822078,0.005735161778226556,0.382795708943505,2.365001794274026,per_scenario,,,,,
nominal,9.0,10,HP_pH,0.0033823486540127522,0.0027936864505037967,-0.126401140004323,3.3823486540127643,per_scenario,,,,,
nominal,9.0,10,MP_pH,0.0033052434678331093,0.0025781842894560367,0.15035986301778104,3.305243467833121,per_scenario,,,,,
nominal,9.0,20,COND_kappa,0.009938913022783553,0.007897371365845248,-0.1813448858635136,3.312971007594518,per_scenario,,,,,
nominal,9.0,20,HP_pH,0.003980149660920853,0.003116595347318556,-0.5220553820424665,3.9801496609208673,per_scenario,,,,,
nominal,9.0,20,MP_pH,0.003766595127925457,0.0030159740200400693,-0.1081638746383029,3.766595127925471,per_scenario,,,,,
nominal,9.0,30,COND_kappa,0.011429664073312713,0.009340758002822467,-0.5229117557235432,3.809888024437571,per_scenario,,,,,
nominal,9.0,30,HP_pH,0.0040783978817906736,0.003202516960138979,-0.5579674619678534,4.078397881790688,per_scenario,,,,,
nominal,9.0,30,MP_pH,0.004125593186662644,0.0032276212529988124,-0.378283035031983,4.125593186662659,per_scenario,,,,,
nominal,9.0,40,COND_kappa,0.011712023310217668,0.009046912926061784,-0.5570929228798309,3.904007770072556,per_scenario,,,,,
nominal,9.0,40,HP_pH,0.0044552569566988325,0.0035728635265665997,-0.8384908222424834,4.4552569566988485,per_scenario,,,,,
nominal,9.0,40,MP_pH,0.004415701482456348,0.003665046552592521,-0.5590537033601779,4.415701482456363,per_scenario,,,,,
nominal,10.0,1,COND_kappa,0.002347353823801104,0.0018286269364586652,0.9529794930928969,0.7824512746003681,per_scenario,,,,,
nominal,10.0,1,HP_pH,0.0013875042383772705,0.0010916322182598283,0.8674819920971562,1.3875042383772753,per_scenario,,,,,
nominal,10.0,1,MP_pH,0.0013376306189754623,0.0010143592102311767,0.8819642708399253,1.337630618975467,per_scenario,,,,,
nominal,10.0,5,COND_kappa,0.005189449807304149,0.0038398921721448814,0.7718959478949772,1.7298166024347168,per_scenario,,,,,
nominal,10.0,5,HP_pH,0.0030152528230251,0.002503078594583841,0.3807716600692098,3.0152528230251106,per_scenario,,,,,
nominal,10.0,5,MP_pH,0.0026402325055071584,0.002080000264064627,0.5452372278449807,2.640232505507168,per_scenario,,,,,
nominal,10.0,10,COND_kappa,0.007416182352552142,0.005475202698419589,0.539782660566656,2.4720607841840474,per_scenario,,,,,
nominal,10.0,10,HP_pH,0.003940685250791766,0.00324072022565032,-0.05798224637633398,3.9406852507917796,per_scenario,,,,,
nominal,10.0,10,MP_pH,0.0034652480534948173,0.0027439297424532378,0.22717352031475235,3.4652480534948293,per_scenario,,,,,
nominal,10.0,20,COND_kappa,0.00963481142417536,0.007235799361222514,0.2299172816957672,3.2116038080584532,per_scenario,,,,,
nominal,10.0,20,HP_pH,0.004162542827175948,0.0034446083420153584,-0.1547798590962839,4.1625428271759635,per_scenario,,,,,
nominal,10.0,20,MP_pH,0.004279245085359077,0.0033115535818808595,-0.15487839082647525,4.279245085359092,per_scenario,,,,,
nominal,10.0,30,COND_kappa,0.01113891405546567,0.008691282451016542,-0.016902908680397122,3.71297135182189,per_scenario,,,,,
nominal,10.0,30,HP_pH,0.003988631513095767,0.0032165497732506926,-0.052530025708353856,3.988631513095781,per_scenario,,,,,
nominal,10.0,30,MP_pH,0.0044763928047936346,0.003552286315186864,-0.2557046820958435,4.47639280479365,per_scenario,,,,,
nominal,10.0,40,COND_kappa,0.011445379850947271,0.009135334534226191,-0.05582059892044389,3.815126616982424,per_scenario,,,,,
nominal,10.0,40,HP_pH,0.003954667049656156,0.003107433912126684,-0.05920099962766967,3.95466704965617,per_scenario,,,,,
nominal,10.0,40,MP_pH,0.004462735574312061,0.003591589994744321,-0.30787705172486546,4.462735574312077,per_scenario,,,,,
nominal,11.0,1,COND_kappa,0.0023659380236257725,0.001796410134479425,0.9805327477613747,0.7886460078752575,per_scenario,,,,,
nominal,11.0,1,HP_pH,0.001483069978135147,0.001105759598776805,0.891939139024949,1.4830699781351522,per_scenario,,,,,
nominal,11.0,1,MP_pH,0.0013171078884778582,0.0010463288680087348,0.8942959520662042,1.3171078884778629,per_scenario,,,,,
nominal,11.0,5,COND_kappa,0.005051518281541969,0.003934713280558207,0.9109488113947105,1.6838394271806563,per_scenario,,,,,
nominal,11.0,5,HP_pH,0.003206409798500873,0.00244921217003111,0.5001173088583876,3.2064097985008844,per_scenario,,,,,
nominal,11.0,5,MP_pH,0.0027484629263627007,0.002135040170332473,0.5432799930935844,2.74846292636271,per_scenario,,,,,
nominal,11.0,10,COND_kappa,0.006810936678314558,0.005411586265097338,0.8352612891545019,2.2703122261048527,per_scenario,,,,,
nominal,11.0,10,HP_pH,0.004307580989668486,0.0035199356036733423,0.10488632625822925,4.307580989668502,per_scenario,,,,,
nominal,11.0,10,MP_pH,0.0034959229767013962,0.00274858826994762,0.27016386360046407,3.4959229767014084,per_scenario,,,,,
nominal,11.0,20,COND_kappa,0.009213294825008923,0.0074750969697143085,0.6803535331232247,3.0710982750029743,per_scenario,,,,,
nominal,11.0,20,HP_pH,0.004980962528421649,0.004066495033466786,-0.18068031654305505,4.980962528421666,per_scenario,,,,,
nominal,11.0,20,MP_pH,0.004474698168594786,0.003366666215549001,-0.1721231637689138,4.474698168594802,per_scenario,,,,,
nominal,11.0,30,COND_kappa,0.009929458059080245,0.00831266073356296,0.5854833337489456,3.309819353026748,per_scenario,,,,,
nominal,11.0,30,HP_pH,0.004455053875712881,0.00353588708158867,0.060749914883933775,4.455053875712897,per_scenario,,,,,
nominal,11.0,30,MP_pH,0.005573442856652505,0.004357337696219752,-0.8059693033408766,5.573442856652525,per_scenario,,,,,
nominal,11.0,40,COND_kappa,0.011831770466949635,0.009966635828052519,0.3122952978337673,3.943923488983212,per_scenario,,,,,
nominal,11.0,40,HP_pH,0.00458777339010687,0.0036318742860042886,-0.011157874827762981,4.587773390106886,per_scenario,,,,,
nominal,11.0,40,MP_pH,0.005961157067205787,0.004735865189947702,-1.064403494411192,5.961157067205808,per_scenario,,,,,
nominal,12.0,1,COND_kappa,0.0024285686987092036,0.001895922008523726,0.9639977642702068,0.8095228995697346,per_scenario,,,,,
nominal,12.0,1,HP_pH,0.00120804643510497,0.0009386408988189628,0.8915449232546262,1.2080464351049742,per_scenario,,,,,
nominal,12.0,1,MP_pH,0.0014166745846684152,0.001075750299118108,0.9173645010628486,1.4166745846684201,per_scenario,,,,,
nominal,12.0,5,COND_kappa,0.005599391262353363,0.004333674507600914,0.8050374927544839,1.8664637541177878,per_scenario,,,,,
nominal,12.0,5,HP_pH,0.0027266777622291546,0.002148719632388893,0.45334528349032255,2.7266777622291642,per_scenario,,,,,
nominal,12.0,5,MP_pH,0.002962545353797452,0.0023232048586967406,0.6415172100713902,2.9625453537974624,per_scenario,,,,,
nominal,12.0,10,COND_kappa,0.007796090368860694,0.006226372479827037,0.6135491056305324,2.5986967896202313,per_scenario,,,,,
nominal,12.0,10,HP_pH,0.0036941213757663753,0.0030265600797440787,0.01053096574531609,3.694121375766388,per_scenario,,,,,
nominal,12.0,10,MP_pH,0.003907464288329945,0.0031076866232946695,0.3727457886266887,3.907464288329959,per_scenario,,,,,
nominal,12.0,20,COND_kappa,0.011081006364623773,0.00876184449076891,0.21667477272422464,3.6936687882079244,per_scenario,,,,,
nominal,12.0,20,HP_pH,0.003747192161754098,0.0030178229986018517,-0.007699854539905626,3.7471921617541115,per_scenario,,,,,
nominal,12.0,20,MP_pH,0.005062227923374288,0.004151945590846327,-0.05906205873126602,5.062227923374307,per_scenario,,,,,
nominal,12.0,30,COND_kappa,0.013454510447907339,0.010771748937693735,-0.13775789567178065,4.484836815969113,per_scenario,,,,,
nominal,12.0,30,HP_pH,0.003599522308010226,0.002678488231227776,0.08266813406390072,3.599522308010238,per_scenario,,,,,
nominal,12.0,30,MP_pH,0.005860862186572356,0.0048566780600829956,-0.4120908032948776,5.860862186572377,per_scenario,,,,,
nominal,12.0,40,COND_kappa,0.014531781042322436,0.011957240091007945,-0.35605094973973506,4.843927014107479,per_scenario,,,,,
nominal,12.0,40,HP_pH,0.0037453936172645273,0.002950870619343482,0.024299561877676457,3.7453936172645403,per_scenario,,,,,
nominal,12.0,40,MP_pH,0.0064713465445712616,0.005509084121927016,-0.6806274559536127,6.471346544571284,per_scenario,,,,,
nominal,13.0,1,COND_kappa,0.0023158300083925844,0.0017630288773982383,0.9089906229803487,0.7719433361308615,per_scenario,,,,,
nominal,13.0,1,HP_pH,0.001202540260667524,0.000980855614635954,0.886886559481701,1.2025402606675282,per_scenario,,,,,
nominal,13.0,1,MP_pH,0.001227448316186476,0.0009855210177802177,0.91038038143541,1.2274483161864804,per_scenario,,,,,
nominal,13.0,5,COND_kappa,0.004739396770738309,0.003373338570825961,0.6229716070642808,1.5797989235794365,per_scenario,,,,,
nominal,13.0,5,HP_pH,0.0026407069069589294,0.00212251489789503,0.4588631947286057,2.640706906958939,per_scenario,,,,,
nominal,13.0,5,MP_pH,0.0028709966785783287,0.0022602869175981292,0.514715720126819,2.870996678578339,per_scenario,,,,,
nominal,13.0,10,COND_kappa,0.006723196201824032,0.004803307259985564,0.25117986707931206,2.2410654006080106,per_scenario,,,,,
nominal,13.0,10,HP_pH,0.0034312720253528743,0.0026708867305167924,0.09843462097700428,3.4312720253528863,per_scenario,,,,,
nominal,13.0,10,MP_pH,0.0037421209422506974,0.0030595700749127984,0.17992644327372442,3.742120942250711,per_scenario,,,,,
nominal,13.0,20,COND_kappa,0.008830748233627913,0.005905463188743038,-0.27544582739288304,2.943582744542638,per_scenario,,,,,
nominal,13.0,20,HP_pH,0.0036738547841276012,0.0028266898696729928,-0.012014295459175983,3.6738547841276143,per_scenario,,,,,
nominal,13.0,20,MP_pH,0.004441343017177945,0.0036222890936674244,-0.14172126899209458,4.441343017177961,per_scenario,,,,,
nominal,13.0,30,COND_kappa,0.010966796146355004,0.007628067677908046,-0.93431466919876,3.655598715451668,per_scenario,,,,,
nominal,13.0,30,HP_pH,0.0037182719574449514,0.002881546901311718,-0.01579051279230459,3.7182719574449643,per_scenario,,,,,
nominal,13.0,30,MP_pH,0.004909466465674702,0.004007543658297602,-0.36230636412176587,4.909466465674719,per_scenario,,,,,
nominal,13.0,40,COND_kappa,0.012223271474099141,0.00883927667551103,-1.3617382795645612,4.074423824699714,per_scenario,,,,,
nominal,13.0,40,HP_pH,0.004095683489822629,0.0031042490504095467,-0.24181440213771221,4.095683489822644,per_scenario,,,,,
nominal,13.0,40,MP_pH,0.005299229726807231,0.004298658696945107,-0.5422129419282864,5.2992297268072495,per_scenario,,,,,
nominal,14.0,1,COND_kappa,0.002416446922288395,0.0017837419758007203,0.8932091363999721,0.8054823074294651,per_scenario,,,,,
nominal,14.0,1,HP_pH,0.0012040263296190627,0.0009595825225180479,0.8328107095229803,1.204026329619067,per_scenario,,,,,
nominal,14.0,1,MP_pH,0.0012929170015353445,0.000993663164243073,0.8395476551175179,1.292917001535349,per_scenario,,,,,
nominal,14.0,5,COND_kappa,0.00524964546877707,0.0040207698624534095,0.49730291403684423,1.74988182292569,per_scenario,,,,,
nominal,14.0,5,HP_pH,0.0026373157552283615,0.0021247308172634887,0.20482578805811003,2.637315755228371,per_scenario,,,,,
nominal,14.0,5,MP_pH,0.0028325347732026727,0.002315006407303449,0.2375920996959755,2.832534773202683,per_scenario,,,,,
nominal,14.0,10,COND_kappa,0.006706926677045607,0.005226247470197806,0.18784651609450964,2.235642225681869,per_scenario,,,,,
nominal,14.0,10,HP_pH,0.003397649243916916,0.0027470058375517934,-0.30818650984920115,3.397649243916928,per_scenario,,,,,
nominal,14.0,10,MP_pH,0.0035956405496799988,0.002964402514060746,-0.2198626446320664,3.5956405496800117,per_scenario,,,,,
nominal,14.0,20,COND_kappa,0.009512049322721592,0.006851310041261305,-0.6689287697479447,3.1706831075738644,per_scenario,,,,,
nominal,14.0,20,HP_pH,0.003481639810099978,0.0029087816983842207,-0.40563741313386625,3.48163981009999,per_scenario,,,,,
nominal,14.0,20,MP_pH,0.004091597842648891,0.003228736314980395,-0.6368075473251329,4.0915978426489055,per_scenario,,,,,
nominal,14.0,30,COND_kappa,0.012110450742377293,0.008643287951178084,-1.7703143647376813,4.036816914125764,per_scenario,,,,,
nominal,14.0,30,HP_pH,0.003556588221855254,0.0027985655204617148,-0.4888073128647934,3.556588221855267,per_scenario,,,,,
nominal,14.0,30,MP_pH,0.004000807313945295,0.0031652411274389514,-0.6396559776020512,4.000807313945309,per_scenario,,,,,
nominal,14.0,40,COND_kappa,0.013558349994824935,0.009740806812248213,-2.4014851267082262,4.519449998274978,per_scenario,,,,,
nominal,14.0,40,HP_pH,0.0034996697639461997,0.0027197465139776333,-0.42409395155138796,3.4996697639462124,per_scenario,,,,,
nominal,14.0,40,MP_pH,0.0043439982666482295,0.0033120921739849263,-0.9199719864737612,4.343998266648245,per_scenario,,,,,
nominal,15.0,1,COND_kappa,0.002365951448299225,0.0018704149418769793,0.9693093521498065,0.7886504827664084,per_scenario,,,,,
nominal,15.0,1,HP_pH,0.001430160228460316,0.0010653030426530311,0.8966138218364186,1.430160228460321,per_scenario,,,,,
nominal,15.0,1,MP_pH,0.0014857930243334328,0.0010976241719396747,0.8626636339371787,1.485793024333438,per_scenario,,,,,
nominal,15.0,5,COND_kappa,0.004838552139027375,0.0038649380395444737,0.8703239887618078,1.612850713009125,per_scenario,,,,,
nominal,15.0,5,HP_pH,0.003164000149712175,0.0023868822039701007,0.49581052521920277,3.1640001497121863,per_scenario,,,,,
nominal,15.0,5,MP_pH,0.0033695370697274323,0.002599167428722327,0.30091921159532753,3.369537069727444,per_scenario,,,,,
nominal,15.0,10,COND_kappa,0.006774559889138751,0.005382161804023763,0.7432666530278066,2.258186629712917,per_scenario,,,,,
nominal,15.0,10,HP_pH,0.004205037913028876,0.0033108968110408146,0.11847105427811178,4.205037913028891,per_scenario,,,,,
nominal,15.0,10,MP_pH,0.0043595609264131755,0.0034520255594027156,-0.1701459351050283,4.359560926413191,per_scenario,,,,,
nominal,15.0,20,COND_kappa,0.00900240767179483,0.00698802976684945,0.5329505560148327,3.0008025572649437,per_scenario,,,,,
nominal,15.0,20,HP_pH,0.005102821156862885,0.004131476139356342,-0.26315458516766155,5.102821156862903,per_scenario,,,,,
nominal,15.0,20,MP_pH,0.004758619230224642,0.0038939900243546693,-0.42221761859371654,4.758619230224658,per_scenario,,,,,
nominal,15.0,30,COND_kappa,0.010675949414399808,0.008342091069913668,0.3304338218207964,3.5586498047999364,per_scenario,,,,,
nominal,15.0,30,HP_pH,0.005045784595091599,0.004177772034458818,-0.2094324620001704,5.045784595091616,per_scenario,,,,,
nominal,15.0,30,MP_pH,0.004948071249482939,0.003983124045586585,-0.5101019396166129,4.948071249482957,per_scenario,,,,,
nominal,15.0,40,COND_kappa,0.010904696697120804,0.008837819766387,0.31830320585923155,3.634898899040268,per_scenario,,,,,
nominal,15.0,40,HP_pH,0.00515455962308176,0.004196187704796972,-0.2466572557805209,5.154559623081779,per_scenario,,,,,
nominal,15.0,40,MP_pH,0.005048082500886995,0.004116140142842334,-0.5534346309057141,5.048082500887013,per_scenario,,,,,
nominal,16.0,1,COND_kappa,0.0022325568651405466,0.0017533497080633176,0.9566830692479298,0.7441856217135155,per_scenario,,,,,
nominal,16.0,1,HP_pH,0.0013322155670937434,0.0010442261982753524,0.8665009860280555,1.332215567093748,per_scenario,,,,,
nominal,16.0,1,MP_pH,0.0013073476858102174,0.0010355293268918904,0.8515590708929863,1.307347685810222,per_scenario,,,,,
nominal,16.0,5,COND_kappa,0.005419969585912753,0.00424036043437958,0.7433986626683515,1.8066565286375846,per_scenario,,,,,
nominal,16.0,5,HP_pH,0.0026323154802734582,0.0019788867838575427,0.4721702549656105,2.6323154802734674,per_scenario,,,,,
nominal,16.0,5,MP_pH,0.0026843605935282237,0.0020978899256679034,0.3646196475406195,2.6843605935282335,per_scenario,,,,,
nominal,16.0,10,COND_kappa,0.007644874512445418,0.006050586597312352,0.4796811543815529,2.5482915041484726,per_scenario,,,,,
nominal,16.0,10,HP_pH,0.0034211085970570192,0.002531438060246981,0.11297753788610321,3.421108597057031,per_scenario,,,,,
nominal,16.0,10,MP_pH,0.003502194787488775,0.0027302205746276647,-0.08022008452946627,3.5021947874887873,per_scenario,,,,,
nominal,16.0,20,COND_kappa,0.010119419161660518,0.008211447393424429,0.06449252953351525,3.373139720553506,per_scenario,,,,,
nominal,16.0,20,HP_pH,0.003801050060787029,0.003050013541458399,-0.09520193123461018,3.801050060787042,per_scenario,,,,,
nominal,16.0,20,MP_pH,0.004203128763594317,0.003429047680922537,-0.529976766237187,4.203128763594332,per_scenario,,,,,
nominal,16.0,30,COND_kappa,0.011022233883681115,0.009560902500271817,-0.16267762787270912,3.674077961227039,per_scenario,,,,,
nominal,16.0,30,HP_pH,0.003987174141898219,0.0033561977385491303,-0.17205110524315015,3.9871741418982336,per_scenario,,,,,
nominal,16.0,30,MP_pH,0.004212457934218204,0.0034625370069097648,-0.5044410271302457,4.212457934218219,per_scenario,,,,,
nominal,16.0,40,COND_kappa,0.011612640064871435,0.009925833743909068,-0.2651839366823261,3.8708800216238117,per_scenario,,,,,
nominal,16.0,40,HP_pH,0.004443192676724169,0.003708035931368092,-0.42422450096070197,4.443192676724185,per_scenario,,,,,
nominal,16.0,40,MP_pH,0.0040901344014589265,0.003348777641171663,-0.38337818465702855,4.090134401458942,per_scenario,,,,,
nominal,17.0,1,COND_kappa,0.0022615536893889265,0.0017618404683425696,0.9375553683393814,0.7538512297963089,per_scenario,,,,,
nominal,17.0,1,HP_pH,0.001417591609587957,0.0010799508429956545,0.8838142966002844,1.4175916095879622,per_scenario,,,,,
nominal,17.0,1,MP_pH,0.0013408306989070987,0.0010104260631869423,0.9318606737723941,1.3408306989071035,per_scenario,,,,,
nominal,17.0,5,COND_kappa,0.004676392027045081,0.003794614147984457,0.735772253309253,1.5587973423483603,per_scenario,,,,,
nominal,17.0,5,HP_pH,0.0027736237461421314,0.0020491123580784255,0.558255869210383,2.773623746142141,per_scenario,,,,,
nominal,17.0,5,MP_pH,0.002709996185653541,0.0020521267752741925,0.724459644931468,2.7099961856535506,per_scenario,,,,,
nominal,17.0,10,COND_kappa,0.0062957032313429705,0.005155155422356405,0.5263276711992744,2.09856774378099,per_scenario,,,,,
nominal,17.0,10,HP_pH,0.003591544373384564,0.0027907386282641764,0.2691324108097487,3.591544373384577,per_scenario,,,,,
nominal,17.0,10,MP_pH,0.003595927287457088,0.002760404193613028,0.5216279815386127,3.5959272874571004,per_scenario,,,,,
nominal,17.0,20,COND_kappa,0.008320854188324239,0.006612811529640474,0.1876078997641747,2.773618062774746,per_scenario,,,,,
nominal,17.0,20,HP_pH,0.004565877625042124,0.0036866870856557795,-0.15631869485604444,4.56587762504214,per_scenario,,,,,
nominal,17.0,20,MP_pH,0.0048155207988346965,0.003791799846581679,0.16503609050328427,4.815520798834714,per_scenario,,,,,
nominal,17.0,30,COND_kappa,0.009984198910100321,0.008046390131920685,-0.1669801950534171,3.3280663033667737,per_scenario,,,,,
nominal,17.0,30,HP_pH,0.004912218721776984,0.004054370782211724,-0.3440727206706724,4.912218721777002,per_scenario,,,,,
nominal,17.0,30,MP_pH,0.005428913231002098,0.004452351880731988,-0.032247210082474886,5.4289132310021175,per_scenario,,,,,
nominal,17.0,40,COND_kappa,0.010936222768712981,0.008799042177266833,-0.4685918221058858,3.645407589570994,per_scenario,,,,,
nominal,17.0,40,HP_pH,0.005306018412306259,0.004273137436377883,-0.5592340781905594,5.306018412306277,per_scenario,,,,,
nominal,17.0,40,MP_pH,0.006539657961991199,0.0055601210412367374,-0.456788143608843,6.539657961991223,per_scenario,,,,,
nominal,18.0,1,COND_kappa,0.0023138908387463097,0.0018067274033030658,0.9662047284857775,0.7712969462487699,per_scenario,,,,,
nominal,18.0,1,HP_pH,0.0012925206149364994,0.0009750742336289635,0.8689978461322798,1.2925206149365038,per_scenario,,,,,
nominal,18.0,1,MP_pH,0.0013865407186987662,0.0010135050335069154,0.8589041150130037,1.386540718698771,per_scenario,,,,,
nominal,18.0,5,COND_kappa,0.00489378482249326,0.0037772435326545476,0.8494801979916651,1.6312616074977533,per_scenario,,,,,
nominal,18.0,5,HP_pH,0.0025844842678142536,0.0020670372458344833,0.467810214679906,2.584484267814263,per_scenario,,,,,
nominal,18.0,5,MP_pH,0.0027181675918201567,0.0021508204747993508,0.462513476192875,2.7181675918201664,per_scenario,,,,,
nominal,18.0,10,COND_kappa,0.006291313301963609,0.004851806070546904,0.7499000154585838,2.09710443398787,per_scenario,,,,,
nominal,18.0,10,HP_pH,0.0033452918144514228,0.0027531978192280094,0.09309888202305683,3.345291814451435,per_scenario,,,,,
nominal,18.0,10,MP_pH,0.0035852052049556845,0.0029541541181751134,0.068972944786866,3.585205204955697,per_scenario,,,,,
nominal,18.0,20,COND_kappa,0.007925298709358037,0.006303207935174697,0.6003546794870473,2.641766236452679,per_scenario,,,,,
nominal,18.0,20,HP_pH,0.004065853880663425,0.0031943975459437723,-0.3085404685169457,4.06585388066344,per_scenario,,,,,
nominal,18.0,20,MP_pH,0.004149889433176989,0.0034322122117712377,-0.2206988112612862,4.149889433177004,per_scenario,,,,,
nominal,18.0,30,COND_kappa,0.009400142885384523,0.007603275024202669,0.4259884319281213,3.1333809617948414,per_scenario,,,,,
nominal,18.0,30,HP_pH,0.003979257721243157,0.0031441897099808605,-0.2240693658995534,3.9792577212431715,per_scenario,,,,,
nominal,18.0,30,MP_pH,0.004717145619895225,0.0036727695912331646,-0.5392801393049236,4.717145619895242,per_scenario,,,,,
nominal,18.0,40,COND_kappa,0.009653168211125007,0.007588588156344217,0.37442431078712357,3.2177227370416692,per_scenario,,,,,
nominal,18.0,40,HP_pH,0.004162856032043555,0.0032838225991541127,-0.3033259259934198,4.162856032043569,per_scenario,,,,,
nominal,18.0,40,MP_pH,0.004930004476540739,0.004062514674621709,-0.6410306509414014,4.9300044765407565,per_scenario,,,,,
nominal,19.0,1,COND_kappa,0.0021004044833313326,0.0016675805264973111,0.9131641640925126,0.7001348277771109,per_scenario,,,,,
nominal,19.0,1,HP_pH,0.001435059281141246,0.0010968818946524624,0.8562034598999513,1.435059281141251,per_scenario,,,,,
nominal,19.0,1,MP_pH,0.0013441400863895988,0.0010450293196321754,0.9025628063641703,1.3441400863896036,per_scenario,,,,,
nominal,19.0,5,COND_kappa,0.004582891880663864,0.0036802541127584016,0.5908011503210322,1.527630626887955,per_scenario,,,,,
nominal,19.0,5,HP_pH,0.0028411124890715994,0.0022006604002448135,0.41279413227199657,2.8411124890716093,per_scenario,,,,,
nominal,19.0,5,MP_pH,0.0027397165351697632,0.0021434187248703268,0.599280087884233,2.739716535169773,per_scenario,,,,,
nominal,19.0,10,COND_kappa,0.006288004696202171,0.005074095333071067,0.2401155762997509,2.096001565400724,per_scenario,,,,,
nominal,19.0,10,HP_pH,0.0037116542859788296,0.002801586194916373,-0.0007678968782944828,3.711654285978843,per_scenario,,,,,
nominal,19.0,10,MP_pH,0.0035800955654363034,0.0028619770633813296,0.3248299605399855,3.5800955654363165,per_scenario,,,,,
nominal,19.0,20,COND_kappa,0.007940732050722408,0.006482833375892202,-0.18398007104415326,2.646910683574136,per_scenario,,,,,
nominal,19.0,20,HP_pH,0.004269564595334596,0.003271433377766317,-0.297153844331576,4.269564595334611,per_scenario,,,,,
nominal,19.0,20,MP_pH,0.004292301106053769,0.003486182350582232,0.0523145502500415,4.292301106053785,per_scenario,,,,,
nominal,19.0,30,COND_kappa,0.008753439916345357,0.006779583618559326,-0.41889659893166864,2.9178133054484525,per_scenario,,,,,
nominal,19.0,30,HP_pH,0.00466140581956737,0.0035499572123372943,-0.5041327683080956,4.661405819567387,per_scenario,,,,,
nominal,19.0,30,MP_pH,0.004947302795755417,0.004164368322616693,-0.22971219454270675,4.9473027957554345,per_scenario,,,,,
nominal,19.0,40,COND_kappa,0.008607330473644032,0.0067726117953402585,-0.3410097344571865,2.869110157881344,per_scenario,,,,,
nominal,19.0,40,HP_pH,0.004674192359283306,0.0037781831908698716,-0.47507034682379845,4.674192359283323,per_scenario,,,,,
nominal,19.0,40,MP_pH,0.005433581479808831,0.004520719191381262,-0.5002911906525065,5.433581479808851,per_scenario,,,,,
nominal,20.0,1,COND_kappa,0.002280897541266727,0.0017973300484423502,0.8873065266112113,0.7602991804222423,per_scenario,,,,,
nominal,20.0,1,HP_pH,0.0013777333460034647,0.0010361310010115511,0.8840028535269675,1.3777333460034695,per_scenario,,,,,
nominal,20.0,1,MP_pH,0.0012591466786232698,0.0009956162617194254,0.8920125296972929,1.2591466786232743,per_scenario,,,,,
nominal,20.0,5,COND_kappa,0.004707367957466458,0.0035882458193102107,0.5086206697573299,1.5691226524888195,per_scenario,,,,,
nominal,20.0,5,HP_pH,0.00279829700077431,0.0022467334493423414,0.5183264354846906,2.79829700077432,per_scenario,,,,,
nominal,20.0,5,MP_pH,0.002808293625136131,0.0022626465603488985,0.4630593184259256,2.808293625136141,per_scenario,,,,,
nominal,20.0,10,COND_kappa,0.0065838595066675136,0.005022450906906644,-0.006413344421916767,2.1946198355558377,per_scenario,,,,,
nominal,20.0,10,HP_pH,0.0035219795253451573,0.0028925868862165922,0.23665635442821775,3.5219795253451696,per_scenario,,,,,
nominal,20.0,10,MP_pH,0.00355536046874828,0.0028970281036195897,0.14449184840893303,3.555360468748293,per_scenario,,,,,
nominal,20.0,20,COND_kappa,0.008625004761129068,0.006962809749443842,-0.6962639765973211,2.8750015870430228,per_scenario,,,,,
nominal,20.0,20,HP_pH,0.004000899452520156,0.0032671461445055957,0.012695619171860573,4.000899452520171,per_scenario,,,,,
nominal,20.0,20,MP_pH,0.004718391055143115,0.0037117225490796886,-0.475263282290733,4.718391055143131,per_scenario,,,,,
nominal,20.0,30,COND_kappa,0.008972112992454158,0.007269514211976103,-0.7960162898704104,2.9907043308180525,per_scenario,,,,,
nominal,20.0,30,HP_pH,0.004323830410131999,0.003523224558862478,-0.29065387063641035,4.323830410132015,per_scenario,,,,,
nominal,20.0,30,MP_pH,0.004723281311120506,0.0038736889638189215,-0.4374934058487352,4.723281311120523,per_scenario,,,,,
nominal,20.0,40,COND_kappa,0.008631313838422746,0.0069847063312346944,-0.6221780108423631,2.877104612807582,per_scenario,,,,,
nominal,20.0,40,HP_pH,0.004576477681423937,0.0037412473757342858,-0.7369726312800735,4.576477681423953,per_scenario,,,,,
nominal,20.0,40,MP_pH,0.0048432640318405345,0.0040562940998439155,-0.5743653915333862,4.843264031840552,per_scenario,,,,,
nominal,21.0,1,COND_kappa,0.0022905938371845422,0.0017795358163872066,0.9642228761255931,0.7635312790615141,per_scenario,,,,,
nominal,21.0,1,HP_pH,0.001421201544490918,0.001045689485517701,0.908006494133619,1.4212015444909232,per_scenario,,,,,
nominal,21.0,1,MP_pH,0.0014170289558187931,0.0011188485099960833,0.9015269799434603,1.417028955818798,per_scenario,,,,,
nominal,21.0,5,COND_kappa,0.004834542012099505,0.0038721529147176855,0.8419021148055688,1.6115140040331686,per_scenario,,,,,
nominal,21.0,5,HP_pH,0.003265722262442579,0.0025077498652091934,0.5195696613673897,3.2657222624425906,per_scenario,,,,,
nominal,21.0,5,MP_pH,0.003273783811904683,0.002644801034185632,0.47929091548274905,3.2737838119046945,per_scenario,,,,,
nominal,21.0,10,COND_kappa,0.006355593530216188,0.0051610355869385425,0.7274338448381088,2.1185311767387294,per_scenario,,,,,
nominal,21.0,10,HP_pH,0.004414624974111038,0.00338850570529352,0.13250144155221932,4.414624974111054,per_scenario,,,,,
nominal,21.0,10,MP_pH,0.004228734077698536,0.0033649750987599448,0.11760013212667064,4.22873407769855,per_scenario,,,,,
nominal,21.0,20,COND_kappa,0.008382207954752462,0.006684349841656239,0.5211588221313727,2.7940693182508207,per_scenario,,,,,
nominal,21.0,20,HP_pH,0.004789697483400564,0.0037260203453552574,0.0011162777513016309,4.789697483400581,per_scenario,,,,,
nominal,21.0,20,MP_pH,0.004919428330880501,0.004023458592437264,-0.26200190679897317,4.9194283308805185,per_scenario,,,,,
nominal,21.0,30,COND_kappa,0.009890141814240956,0.008009427636686575,0.3316791524349171,3.2967139380803188,per_scenario,,,,,
nominal,21.0,30,HP_pH,0.004793618343336804,0.0037227303377595044,0.01841015828379,4.793618343336821,per_scenario,,,,,
nominal,21.0,30,MP_pH,0.0051167862903397174,0.004283460087974947,-0.3368624157664013,5.116786290339736,per_scenario,,,,,
nominal,21.0,40,COND_kappa,0.011223266085687068,0.008898926922089438,0.12810649177293287,3.741088695229023,per_scenario,,,,,
nominal,21.0,40,HP_pH,0.005334279091080522,0.0041622332996740065,-0.26266783156317963,5.334279091080541,per_scenario,,,,,
nominal,21.0,40,MP_pH,0.00513041710363562,0.004144097416734188,-0.3089865252742583,5.130417103635638,per_scenario,,,,,
nominal,22.0,1,COND_kappa,0.0022758424902888973,0.0017911556076425615,0.904804159831211,0.7586141634296325,per_scenario,,,,,
nominal,22.0,1,HP_pH,0.0013293950461693356,0.0010176889697218888,0.871651811854283,1.3293950461693402,per_scenario,,,,,
nominal,22.0,1,MP_pH,0.0013130429995350246,0.0009895873990118662,0.861993537123148,1.3130429995350292,per_scenario,,,,,
nominal,22.0,5,COND_kappa,0.0048279495730560685,0.0038144613092846395,0.5741800572233852,1.6093165243520229,per_scenario,,,,,
nominal,22.0,5,HP_pH,0.0027913062463511247,0.002241348806210357,0.4401747150303762,2.7913062463511347,per_scenario,,,,,
nominal,22.0,5,MP_pH,0.0027840369225978177,0.0021549733781474983,0.38575457188869444,2.784036922597828,per_scenario,,,,,
nominal,22.0,10,COND_kappa,0.0066129297583243304,0.005304131198341362,0.2113538940090982,2.2043099194414437,per_scenario,,,,,
nominal,22.0,10,HP_pH,0.003529326144161434,0.0027690170038956806,0.10967404436706862,3.5293261441614465,per_scenario,,,,,
nominal,22.0,10,MP_pH,0.0033902849841645345,0.0026462145768488604,0.07850413422167868,3.3902849841645466,per_scenario,,,,,
nominal,22.0,20,COND_kappa,0.007647911705588776,0.006202014902673531,-0.03278663751688682,2.5493039018629253,per_scenario,,,,,
nominal,22.0,20,HP_pH,0.004108966696381902,0.0032964388923332998,-0.21211138715161537,4.108966696381917,per_scenario,,,,,
nominal,22.0,20,MP_pH,0.0037584189787057474,0.003024374154329547,-0.11535673916042088,3.758418978705761,per_scenario,,,,,
nominal,22.0,30,COND_kappa,0.009027947888513499,0.006824290080205926,-0.41542486797822975,3.009315962837833,per_scenario,,,,,
nominal,22.0,30,HP_pH,0.00429828945470922,0.0035337775374765187,-0.29564294039989614,4.298289454709236,per_scenario,,,,,
nominal,22.0,30,MP_pH,0.0043155549886291274,0.0034544367845859066,-0.44578355621380195,4.315554988629143,per_scenario,,,,,
nominal,22.0,40,COND_kappa,0.009810499277876323,0.007702056177619226,-0.6363357783524419,3.2701664259587746,per_scenario,,,,,
nominal,22.0,40,HP_pH,0.004432854169496912,0.003704233397727008,-0.3518791642389434,4.4328541694969275,per_scenario,,,,,
nominal,22.0,40,MP_pH,0.004872283610159039,0.0038042796255668364,-0.8354562368322285,4.872283610159056,per_scenario,,,,,
nominal,23.0,1,COND_kappa,0.0026572950755059054,0.0019168753376428494,0.9607211694644643,0.8857650251686352,per_scenario,,,,,
nominal,23.0,1,HP_pH,0.0013169820569459345,0.0010436868459138104,0.8533477583344403,1.3169820569459392,per_scenario,,,,,
nominal,23.0,1,MP_pH,0.0013405955502460338,0.0010557576545531635,0.8553505396338101,1.3405955502460387,per_scenario,,,,,
nominal,23.0,5,COND_kappa,0.006070760163473706,0.004327422202146178,0.7963315491668713,2.0235867211579017,per_scenario,,,,,
nominal,23.0,5,HP_pH,0.0027895319076604893,0.002216233351005665,0.34883688700744775,2.789531907660499,per_scenario,,,,,
nominal,23.0,5,MP_pH,0.0027720417851828205,0.0022021862298107057,0.3832276773244937,2.7720417851828305,per_scenario,,,,,
nominal,23.0,10,COND_kappa,0.008757948891128516,0.006183911606509468,0.5777443336300554,2.919316297042839,per_scenario,,,,,
nominal,23.0,10,HP_pH,0.0036249272115681332,0.0027870498472389064,-0.11812761862649479,3.6249272115681466,per_scenario,,,,,
nominal,23.0,10,MP_pH,0.003682626493151807,0.0029549074370877853,-0.09825268775908258,3.6826264931518202,per_scenario,,,,,
nominal,23.0,20,COND_kappa,0.012098466503306699,0.008820012896551871,0.20901157573895146,4.0328221677689,per_scenario,,,,,
nominal,23.0,20,HP_pH,0.0038011556839267157,0.0030852648346310976,-0.23458631750096637,3.801155683926729,per_scenario,,,,,
nominal,23.0,20,MP_pH,0.004502390915357326,0.003743692308759763,-0.6081332515663489,4.502390915357342,per_scenario,,,,,
nominal,23.0,30,COND_kappa,0.014235289741522168,0.010394182788201515,-0.07067898064686529,4.745096580507389,per_scenario,,,,,
nominal,23.0,30,HP_pH,0.003572166676756897,0.0028443046388041075,-0.2597142375460364,3.57216667675691,per_scenario,,,,,
nominal,23.0,30,MP_pH,0.00425017192142245,0.003616906982531809,-0.474036054092537,4.250171921422465,per_scenario,,,,,
nominal,23.0,40,COND_kappa,0.015453653101537896,0.01137397160941998,-0.23124993495053525,5.151217700512632,per_scenario,,,,,
nominal,23.0,40,HP_pH,0.0037445881069339297,0.002946547183060283,-0.38455611752581054,3.744588106933943,per_scenario,,,,,
nominal,23.0,40,MP_pH,0.0039048847866394094,0.00314361794313871,-0.22518926025496167,3.904884786639423,per_scenario,,,,,
nominal,24.0,1,COND_kappa,0.0023415020754667002,0.001880809347301524,0.9497811720147883,0.7805006918222335,per_scenario,,,,,
nominal,24.0,1,HP_pH,0.0012645842228243363,0.0009981643588802018,0.8593039103330445,1.2645842228243407,per_scenario,,,,,
nominal,24.0,1,MP_pH,0.0014892793916665833,0.0010864026407924048,0.8561108751843747,1.4892793916665887,per_scenario,,,,,
nominal,24.0,5,COND_kappa,0.004952860472954867,0.003937419017626354,0.7762288999581535,1.6509534909849557,per_scenario,,,,,
nominal,24.0,5,HP_pH,0.002664905086487934,0.0021083642608648785,0.3760823050873624,2.6649050864879436,per_scenario,,,,,
nominal,24.0,5,MP_pH,0.003015374669515243,0.0023344986261275877,0.41237648730590415,3.015374669515254,per_scenario,,,,,
nominal,24.0,10,COND_kappa,0.006621373049407891,0.005440210196709548,0.603179890033592,2.2071243498026307,per_scenario,,,,,
nominal,24.0,10,HP_pH,0.003643031939269189,0.0027503972442358355,-0.18058047414563716,3.643031939269202,per_scenario,,,,,
nominal,24.0,10,MP_pH,0.00370864959419879,0.0029560989961502416,0.12161681187344608,3.7086495941988034,per_scenario,,,,,
nominal,24.0,20,COND_kappa,0.008089031412600756,0.006654974537320588,0.41962707395875243,2.696343804200252,per_scenario,,,,,
nominal,24.0,20,HP_pH,0.00392959934308397,0.003050521275742751,-0.40300691677195677,3.929599343083984,per_scenario,,,,,
nominal,24.0,20,MP_pH,0.004541696642495996,0.0036675418244674503,-0.3177223287206987,4.541696642496013,per_scenario,,,,,
nominal,24.0,30,COND_kappa,0.009247485718631177,0.007243748154120295,0.26202168668335746,3.082495239543726,per_scenario,,,,,
nominal,24.0,30,HP_pH,0.003860502879872823,0.00300970519274408,-0.3811931597162934,3.8605028798728367,per_scenario,,,,,
nominal,24.0,30,MP_pH,0.0047345687701703535,0.003827026950918689,-0.40782572855989696,4.73456877017037,per_scenario,,,,,
nominal,24.0,40,COND_kappa,0.010414052585818125,0.008388971184166597,0.08977038572013507,3.4713508619393747,per_scenario,,,,,
nominal,24.0,40,HP_pH,0.004113341936647791,0.0032663744690003328,-0.6339445900051042,4.113341936647806,per_scenario,,,,,
nominal,24.0,40,MP_pH,0.005038031645629387,0.004048925942238046,-0.555047307126479,5.038031645629404,per_scenario,,,,,
nominal,25.0,1,COND_kappa,0.0023877704021559266,0.0018051217444989328,0.9301285557726816,0.7959234673853088,per_scenario,,,,,
nominal,25.0,1,HP_pH,0.0013150431288266498,0.0010602455480983603,0.8573052687713599,1.3150431288266544,per_scenario,,,,,
nominal,25.0,1,MP_pH,0.001391607216296203,0.0010666260550410511,0.8983857965829586,1.3916072162962079,per_scenario,,,,,
nominal,25.0,5,COND_kappa,0.004806681671833933,0.0038297972137187513,0.7199639341490328,1.6022272239446447,per_scenario,,,,,
nominal,25.0,5,HP_pH,0.002606323824418432,0.0020749960174683926,0.43899782712782687,2.6063238244184417,per_scenario,,,,,
nominal,25.0,5,MP_pH,0.002935205872500018,0.002288508180087074,0.5502697242010393,2.9352058725000285,per_scenario,,,,,
nominal,25.0,10,COND_kappa,0.006281623206340443,0.004916727154020322,0.5242990702863614,2.093874402113481,per_scenario,,,,,
nominal,25.0,10,HP_pH,0.003569340582727414,0.0028013610179728537,-0.049276281279190925,3.5693405827274267,per_scenario,,,,,
nominal,25.0,10,MP_pH,0.00408835522416431,0.0031717192893751848,0.1378162605969051,4.088355224164324,per_scenario,,,,,
nominal,25.0,20,COND_kappa,0.009000650855038166,0.007031426567919658,0.029024708123897902,3.0002169516793886,per_scenario,,,,,
nominal,25.0,20,HP_pH,0.003960784586155902,0.003180009985908061,-0.2792974000862729,3.960784586155916,per_scenario,,,,,
nominal,25.0,20,MP_pH,0.004935054769893794,0.0038128512453281345,-0.22588411652597817,4.935054769893812,per_scenario,,,,,
nominal,25.0,30,COND_kappa,0.011120401161494119,0.008447043949022449,-0.4708164397076908,3.7068003871647064,per_scenario,,,,,
nominal,25.0,30,HP_pH,0.004008817382859273,0.0032236007156578434,-0.281534596266646,4.008817382859288,per_scenario,,,,,
nominal,25.0,30,MP_pH,0.005467133987764144,0.004480125681696206,-0.47120869209223404,5.467133987764163,per_scenario,,,,,
nominal,25.0,40,COND_kappa,0.013369941831717557,0.010204871450344705,-1.2129712720097494,4.4566472772391865,per_scenario,,,,,
nominal,25.0,40,HP_pH,0.0038480108550210546,0.002975349046652931,-0.15634488494931942,3.848010855021068,per_scenario,,,,,
nominal,25.0,40,MP_pH,0.006190292712928978,0.0050764849967407984,-0.8514843562368855,6.190292712929,per_scenario,,,,,
nominal,26.0,1,COND_kappa,0.002205831408439316,0.0017133487616128968,0.9406115434256856,0.7352771361464386,per_scenario,,,,,
nominal,26.0,1,HP_pH,0.0013398428286151972,0.001029615684033344,0.8481097089926088,1.339842828615202,per_scenario,,,,,
nominal,26.0,1,MP_pH,0.0013594179090426854,0.0010382969983082889,0.9392530564549977,1.3594179090426903,per_scenario,,,,,
nominal,26.0,5,COND_kappa,0.004944407801974456,0.003917114122291225,0.6971364765146288,1.6481359339914854,per_scenario,,,,,
nominal,26.0,5,HP_pH,0.0028881572311271237,0.0022345563183475132,0.29790637763279115,2.888157231127134,per_scenario,,,,,
nominal,26.0,5,MP_pH,0.003410776251559998,0.00258869593052521,0.6217820947591821,3.4107762515600104,per_scenario,,,,,
nominal,26.0,10,COND_kappa,0.006396193886776431,0.005147302486011037,0.4735756815504879,2.1320646289254768,per_scenario,,,,,
nominal,26.0,10,HP_pH,0.003759615719236262,0.0029647378083698327,-0.19125227566565073,3.7596157192362756,per_scenario,,,,,
nominal,26.0,10,MP_pH,0.004887110945809256,0.003667330724612025,0.23308079834250228,4.887110945809273,per_scenario,,,,,
nominal,26.0,20,COND_kappa,0.00894239222690788,0.007422697685538493,-0.1049729386126994,2.9807974089692935,per_scenario,,,,,
nominal,26.0,20,HP_pH,0.0038750346893946996,0.00319976213693979,-0.2757502541626935,3.8750346893947136,per_scenario,,,,,
nominal,26.0,20,MP_pH,0.006369714508794961,0.004925405086499586,-0.27820634369385777,6.369714508794984,per_scenario,,,,,
nominal,26.0,30,COND_kappa,0.010002753740821048,0.007910538521195854,-0.5373131908770468,3.334251246940349,per_scenario,,,,,
nominal,26.0,30,HP_pH,0.0037340876289613627,0.0031682112310511584,-0.15750483365119927,3.734087628961376,per_scenario,,,,,
nominal,26.0,30,MP_pH,0.0072723193493748565,0.005738987590091946,-0.6313062119867494,7.272319349374882,per_scenario,,,,,
nominal,26.0,40,COND_kappa,0.010700727981709663,0.008267904824839802,-0.965820645192951,3.5669093272365546,per_scenario,,,,,
nominal,26.0,40,HP_pH,0.0042508697488911566,0.00346383936393177,-0.4687147704981258,4.250869748891171,per_scenario,,,,,
nominal,26.0,40,MP_pH,0.007404468447326396,0.0057029679092457045,-0.641784765460303,7.4044684473264235,per_scenario,,,,,
nominal,27.0,1,COND_kappa,0.002357554829948383,0.0018615014090403407,0.9774465889497489,0.7858516099827944,per_scenario,,,,,
nominal,27.0,1,HP_pH,0.0013155767373285356,0.0010121744581842727,0.8528030001010958,1.3155767373285403,per_scenario,,,,,
nominal,27.0,1,MP_pH,0.0014660080790141667,0.0011500909321992454,0.8367781852774638,1.466008079014172,per_scenario,,,,,
nominal,27.0,5,COND_kappa,0.004660933851747916,0.003753855520829501,0.9110222526308123,1.5536446172493052,per_scenario,,,,,
nominal,27.0,5,HP_pH,0.0028272504961015,0.0022296873907096657,0.32235670415560613,2.82725049610151,per_scenario,,,,,
nominal,27.0,5,MP_pH,0.0030342622338544456,0.002432174071438238,0.30737870386692456,3.0342622338544563,per_scenario,,,,,
nominal,27.0,10,COND_kappa,0.006007533527615882,0.00471239947619824,0.850055042421614,2.002511175871961,per_scenario,,,,,
nominal,27.0,10,HP_pH,0.003396736175193206,0.002664419565382288,0.028493858330233768,3.396736175193218,per_scenario,,,,,
nominal,27.0,10,MP_pH,0.0038936182018201853,0.0031478556287514283,-0.13763179647357493,3.893618201820199,per_scenario,,,,,
nominal,27.0,20,COND_kappa,0.00736163222552124,0.005538408448768042,0.7627183396897288,2.45387740850708,per_scenario,,,,,
nominal,27.0,20,HP_pH,0.003260322792327152,0.002653187252078163,0.11717468268794085,3.260322792327164,per_scenario,,,,,
nominal,27.0,20,MP_pH,0.0045037867471035145,0.0035959151762317925,-0.4864764995928019,4.50378674710353,per_scenario,,,,,
nominal,27.0,30,COND_kappa,0.008763980174179746,0.0067123717135683415,0.6531476290118902,2.9213267247265824,per_scenario,,,,,
nominal,27.0,30,HP_pH,0.003556864689085977,0.0027447037690772912,-0.02709478977946378,3.5568646890859896,per_scenario,,,,,
nominal,27.0,30,MP_pH,0.004968927955407624,0.00404433600162364,-0.7704716915686005,4.968927955407642,per_scenario,,,,,
nominal,27.0,40,COND_kappa,0.010157575492913063,0.0080677959623459,0.5201287216623507,3.3858584976376878,per_scenario,,,,,
nominal,27.0,40,HP_pH,0.0032517786449717265,0.0025575830199153714,0.0872056544714892,3.251778644971738,per_scenario,,,,,
nominal,27.0,40,MP_pH,0.004902817134187545,0.0039056546656007552,-0.7210334601655382,4.902817134187563,per_scenario,,,,,
nominal,28.0,1,COND_kappa,0.0022658799588415263,0.0017619926169747389,0.9467911029056544,0.755293319613842,per_scenario,,,,,
nominal,28.0,1,HP_pH,0.0012696645697592736,0.0009807068450392354,0.9208299092221278,1.269664569759278,per_scenario,,,,,
nominal,28.0,1,MP_pH,0.0012812884432769531,0.0010225936828966336,0.90940680809036,1.2812884432769578,per_scenario,,,,,
nominal,28.0,5,COND_kappa,0.004612569200673523,0.0036912013483766386,0.7816536448616354,1.5375230668911746,per_scenario,,,,,
nominal,28.0,5,HP_pH,0.0029407062138138897,0.0023377563320848,0.5772447403088377,2.9407062138139,per_scenario,,,,,
nominal,28.0,5,MP_pH,0.0027394151301266606,0.0021835841888313387,0.5898306097935672,2.7394151301266705,per_scenario,,,,,
nominal,28.0,10,COND_kappa,0.005586693252202243,0.00459478653969623,0.68074228322597,1.8622310840674143,per_scenario,,,,,
nominal,28.0,10,HP_pH,0.0039937038667500705,0.003310989178715781,0.22410877471345858,3.9937038667500846,per_scenario,,,,,
nominal,28.0,10,MP_pH,0.003893501763432775,0.0030200889937240204,0.16865359037874994,3.893501763432789,per_scenario,,,,,
nominal,28.0,20,COND_kappa,0.007590246452115464,0.006125286805245809,0.4133003465047853,2.5300821507051547,per_scenario,,,,,
nominal,28.0,20,HP_pH,0.004458817370617906,0.003611485462777875,0.0027459413445681813,4.458817370617921,per_scenario,,,,,
nominal,28.0,20,MP_pH,0.004709220351336951,0.0038098127016166165,-0.29669642337048274,4.709220351336968,per_scenario,,,,,
nominal,28.0,30,COND_kappa,0.00808635996904505,0.006544081654483009,0.32968360727895607,2.695453323015017,per_scenario,,,,,
nominal,28.0,30,HP_pH,0.0050471926188104,0.004107657202039922,-0.29838300840618226,5.047192618810419,per_scenario,,,,,
nominal,28.0,30,MP_pH,0.005256801275586016,0.004349356568728594,-0.5806354829436129,5.256801275586034,per_scenario,,,,,
nominal,28.0,40,COND_kappa,0.009243628358191843,0.00712097855765251,0.13363955780377001,3.0812094527306146,per_scenario,,,,,
nominal,28.0,40,HP_pH,0.005483411456511775,0.004561867667236369,-0.5080417330312335,5.483411456511795,per_scenario,,,,,
nominal,28.0,40,MP_pH,0.005511375059133481,0.004596336634987358,-0.6894652522322726,5.511375059133501,per_scenario,,,,,
nominal,29.0,1,COND_kappa,0.0023607978489732047,0.0018166378129008704,0.8824880499415272,0.7869326163244017,per_scenario,,,,,
nominal,29.0,1,HP_pH,0.001346993413274477,0.0010735930021423638,0.8317994064315652,1.3469934132744819,per_scenario,,,,,
nominal,29.0,1,MP_pH,0.0013412193954128238,0.0010587584071743699,0.8906357316859215,1.3412193954128286,per_scenario,,,,,
nominal,29.0,5,COND_kappa,0.00476950784201804,0.003846965805646533,0.5239318623434837,1.5898359473393469,per_scenario,,,,,
nominal,29.0,5,HP_pH,0.002473884824620625,0.002019650595825675,0.43880339277308456,2.4738848246206335,per_scenario,,,,,
nominal,29.0,5,MP_pH,0.0029004728646868866,0.0023631234326942007,0.4905674989261769,2.900472864686897,per_scenario,,,,,
nominal,29.0,10,COND_kappa,0.006504308469353455,0.004996471882761751,0.1257564518943627,2.168102823117818,per_scenario,,,,,
nominal,29.0,10,HP_pH,0.00334298343941009,0.002778934115008472,-0.011855415521431212,3.3429834394101015,per_scenario,,,,,
nominal,29.0,10,MP_pH,0.004044303874415187,0.0032000005164729423,-0.005808566976349905,4.044303874415201,per_scenario,,,,,
nominal,29.0,20,COND_kappa,0.009049615409912132,0.0067086230233013786,-0.6745765845539715,3.016538469970711,per_scenario,,,,,
nominal,29.0,20,HP_pH,0.0036277870404911186,0.002937575916324195,-0.17364850981869395,3.627787040491132,per_scenario,,,,,
nominal,29.0,20,MP_pH,0.004962468798799421,0.004128254797418652,-0.5014871870429582,4.9624687987994385,per_scenario,,,,,
nominal,29.0,30,COND_kappa,0.009646685540659273,0.0075642319794839005,-0.8604361912520648,3.215561846886424,per_scenario,,,,,
nominal,29.0,30,HP_pH,0.0038208670373608275,0.00295194868102661,-0.2799142408198838,3.820867037360841,per_scenario,,,,,
nominal,29.0,30,MP_pH,0.005170336436548315,0.0043663112725157395,-0.607806830409342,5.170336436548333,per_scenario,,,,,
nominal,29.0,40,COND_kappa,0.009929015882529422,0.007812323178287969,-0.9355128622340949,3.3096719608431404,per_scenario,,,,,
nominal,29.0,40,HP_pH,0.004465039996048153,0.0034412950844706024,-0.7181957121410947,4.465039996048169,per_scenario,,,,,
nominal,29.0,40,MP_pH,0.0048108526088850865,0.0037771616419006115,-0.372804904243041,4.810852608885104,per_scenario,,,,,
nominal,30.0,1,COND_kappa,0.002272262001405395,0.0017752353484976127,0.961550521260853,0.7574206671351318,per_scenario,,,,,
nominal,30.0,1,HP_pH,0.0013736766762391394,0.0010912571299333412,0.8594373270418529,1.3736766762391444,per_scenario,,,,,
nominal,30.0,1,MP_pH,0.001423443380402607,0.0010557727152161246,0.8677601347975071,1.4234433804026119,per_scenario,,,,,
nominal,30.0,5,COND_kappa,0.004486995315897937,0.0035549405921988762,0.8470266990639038,1.4956651052993124,per_scenario,,,,,
nominal,30.0,5,HP_pH,0.002717155735690881,0.0022538519919183698,0.44591531327509193,2.7171557356908904,per_scenario,,,,,
nominal,30.0,5,MP_pH,0.0032173224844081506,0.002520006171767734,0.32163774720892213,3.217322484408162,per_scenario,,,,,
nominal,30.0,10,COND_kappa,0.00574758706577216,0.004411364297549882,0.7399890682276662,1.9158623552573866,per_scenario,,,,,
nominal,30.0,10,HP_pH,0.003338838496054041,0.0026568072089515784,0.13420433916197905,3.338838496054053,per_scenario,,,,,
nominal,30.0,10,MP_pH,0.00430872719298603,0.00348566319752435,-0.20245022896404552,4.308727192986046,per_scenario,,,,,
nominal,30.0,20,COND_kappa,0.008414667339805065,0.006845027734945893,0.42215844839117633,2.804889113268355,per_scenario,,,,,
nominal,30.0,20,HP_pH,0.003907311765699327,0.0031347359591152907,-0.16943053320798596,3.907311765699341,per_scenario,,,,,
nominal,30.0,20,MP_pH,0.005144507082953702,0.004251986744683347,-0.6737521701177984,5.144507082953719,per_scenario,,,,,
nominal,30.0,30,COND_kappa,0.009757724189441451,0.007786794240924594,0.23269965692072048,3.2525747298138175,per_scenario,,,,,
nominal,30.0,30,HP_pH,0.0041774531016244435,0.0033258984374325094,-0.3189762404555465,4.177453101624459,per_scenario,,,,,
nominal,30.0,30,MP_pH,0.005225721800802441,0.004201512585283797,-0.6870333545260068,5.22572180080246,per_scenario,,,,,
nominal,30.0,40,COND_kappa,0.009866601037411594,0.007465538928519628,0.23342750461944106,3.288867012470532,per_scenario,,,,,
nominal,30.0,40,HP_pH,0.00435718333296489,0.003439237869293238,-0.47163397489499803,4.3571833329649055,per_scenario,,,,,
nominal,30.0,40,MP_pH,0.004621828273656004,0.0036536772322882604,-0.311043636608866,4.62182827365602,per_scenario,,,,,
mismatch_noise,,1,COND_kappa,,,,,summary,0.004818595902388436,0.00021440839595067982,0.003836367488478956,0.6943970987297882,1.6061986341294785
mismatch_noise,,1,HP_pH,,,,,summary,0.003100716618918835,0.00014345898606377922,0.0024598127364747406,0.5034420016686202,3.1007166189188458
mismatch_noise,,1,MP_pH,,,,,summary,0.003109669676752131,0.00015113818706896548,0.0024770673436889015,0.5049006267361528,3.1096696767521426
mismatch_noise,,5,COND_kappa,,,,,summary,0.006371506217491211,0.00034615999870435534,0.005062321049484912,0.4719325041693772,2.1238354058304036
mismatch_noise,,5,HP_pH,,,,,summary,0.004035029323105536,0.0002533625123133776,0.003200540118153516,0.17748684278665927,4.03502932310555
mismatch_noise,,5,MP_pH,,,,,summary,0.003996780114350303,0.0002569410584882912,0.0031692324258748806,0.1897232131276314,3.9967801143503165
mismatch_noise,,10,COND_kappa,,,,,summary,0.007697661943178267,0.0005305207901048141,0.006116743055380304,0.23713109196709864,2.5658873143927554
mismatch_noise,,10,HP_pH,,,,,summary,0.004684025394689587,0.0004255292307093921,0.0037136851159988177,-0.09264133715876154,4.684025394689604
mismatch_noise,,10,MP_pH,,,,,summary,0.004679881874645532,0.00037156675384887074,0.0037174434734895466,-0.10026853532119431,4.679881874645548
mismatch_noise,,20,COND_kappa,,,,,summary,0.00940872041779608,0.0009170846439908647,0.007507507724582288,-0.1090462028294395,3.13624013926536
mismatch_noise,,20,HP_pH,,,,,summary,0.005011369932996674,0.0006361215469583909,0.003988621778364399,-0.23082447391112884,5.011369932996692
mismatch_noise,,20,MP_pH,,,,,summary,0.005216256430366435,0.0005403745975012312,0.00414433626929655,-0.339553434413918,5.216256430366454
mismatch_noise,,30,COND_kappa,,,,,summary,0.01059186087017294,0.0013453469623214238,0.008527006681579305,-0.3910504035711615,3.530620290057647
mismatch_noise,,30,HP_pH,,,,,summary,0.005074533008106688,0.0006593923027371129,0.004031830375998769,-0.24898082865742532,5.074533008106706
mismatch_noise,,30,MP_pH,,,,,summary,0.005457144842967457,0.0006966359017403454,0.00434272214855167,-0.4555506876490122,5.457144842967477
mismatch_noise,,40,COND_kappa,,,,,summary,0.011380665752712318,0.0015111355326102418,0.009176723970846647,-0.5929996675643866,3.7935552509041055
mismatch_noise,,40,HP_pH,,,,,summary,0.005150103383451363,0.0006618623722961244,0.0041002738135783754,-0.27896597593247213,5.150103383451382
mismatch_noise,,40,MP_pH,,,,,summary,0.005645509523464359,0.0007447308133232177,0.004516784583932767,-0.5608493969625453,5.645509523464379
nominal,,1,COND_kappa,,,,,summary,0.002326232387804768,0.00011289558452370492,0.0017979557720948862,0.9335563532263668,0.7754107959349228
nominal,,1,HP_pH,,,,,summary,0.0013499487491475041,7.867095947945742e-05,0.0010427826428048093,0.8721543300840398,1.3499487491475088
nominal,,1,MP_pH,,,,,summary,0.0013543293462201132,7.402167225921035e-05,0.0010434416320048078,0.8822203210272769,1.354329346220118
nominal,,5,COND_kappa,,,,,summary,0.004920162582933584,0.00036089788510137804,0.0038435015541145516,0.7046298488428894,1.6400541943111946
nominal,,5,HP_pH,,,,,summary,0.002844218399242046,0.00024157768099531128,0.0022307077920473524,0.43605072546465196,2.8442183992420564
nominal,,5,MP_pH,,,,,summary,0.0028784309060208377,0.00022071798853432712,0.0022622990693218835,0.4745166304524996,2.878430906020848
nominal,,10,COND_kappa,,,,,summary,0.006602130138793633,0.0006563261643884426,0.005159340261747344,0.46884459591427297,2.2007100462645446
nominal,,10,HP_pH,,,,,summary,0.0037421507354670354,0.000378904741160671,0.0029561095276965667,0.029299078674452292,3.7421507354670487
nominal,,10,MP_pH,,,,,summary,0.003798097218024855,0.00035456969613988207,0.0029954624510869564,0.09582649291735439,3.7980972180248687
nominal,,20,COND_kappa,,,,,summary,0.008849302234611684,0.001102715002671702,0.006933405020921855,0.04948294153071435,2.9497674115372283
nominal,,20,HP_pH,,,,,summary,0.0041724349050560995,0.0004933953871304049,0.0033222780116051124,-0.18246745874246353,4.1724349050561145
nominal,,20,MP_pH,,,,,summary,0.00458381931523655,0.0005580638304092113,0.0036449064336167786,-0.2980170791303206,4.583819315236567
nominal,,30,COND_kappa,,,,,summary,0.010320831291398613,0.0016091293773201369,0.00811403747816444,-0.2906778317462344,3.440277097132871
nominal,,30,HP_pH,,,,,summary,0.004269575463395511,0.0005468795100390564,0.00336956780441872,-0.23305563553281963,4.269575463395526
nominal,,30,MP_pH,,,,,summary,0.004938893227080492,0.0007381159833977358,0.003986446988057073,-0.4776159710799215,4.93889322708051
nominal,,40,COND_kappa,,,,,summary,0.011241346659825383,0.002031638496279833,0.008827512770230585,-0.5084892018450794,3.7471155532751284
nominal,,40,HP_pH,,,,,summary,0.0044651447381578255,0.0005958282816920042,0.0035535151087463528,-0.3526709377613143,4.465144738157842
nominal,,40,MP_pH,,,,,summary,0.005160194553870136,0.0008272127089419465,0.004187592478109545,-0.5895313428204658,5.160194553870155
