scenario_id,random_seed,CV,input,K_m,K_p,delta_K,theta_m_min,theta_p_min,delta_theta_min,tau_m_min,tau_p_min,delta_tau
1,20260812,HP_pH,FW_NH3_PID_SP,0.06,0.05186784152358789,-0.1355359746068684,5.0,6.0,1.0,18.0,15.649081980406482,-0.13060655664408438
1,20260812,HP_pH,COND_NH3_PID_SP,0.015,0.016969601655731577,0.13130677704877192,7.0,7.0,0.0,20.0,19.1622153654728,-0.04188923172635994
1,20260812,HP_pH,LP_Drum_pH,0.03,0.027012468697874353,-0.09958437673752152,3.0,3.0,0.0,12.0,11.271001424303682,-0.0607498813080265
1,20260812,HP_pH,LP_Drum_Cond,-0.025,-0.027176561970667756,0.08706247882671025,2.0,3.0,1.0,10.0,10.225697133991803,0.022569713399180236
1,20260812,HP_pH,LP_ECO_pH,0.015,0.01458570167616585,-0.027619888255609903,3.0,1.0,-2.0,12.0,13.14542147900579,0.0954517899171492
1,20260812,HP_pH,Cond_Flow,-0.03,-0.025935046032136054,-0.13549846559546486,4.0,3.0,-1.0,18.0,17.881221765820765,-0.006598790787735287
1,20260812,HP_pH,Makeup_Flow,-0.04,-0.04076826160633602,0.01920654015840051,4.0,3.0,-1.0,15.0,14.131982910566974,-0.05786780596220176
1,20260812,HP_pH,initial_colored_disturbance,,0.002836968407421866,,,,,,,saved initial state
1,20260812,MP_pH,FW_NH3_PID_SP,0.05,0.04653807465395099,-0.06923850692098021,6.0,4.0,-2.0,20.0,18.006907412930513,-0.09965462935347436
1,20260812,MP_pH,COND_NH3_PID_SP,0.012,0.012055854479824617,0.004654539985384787,8.0,7.0,-1.0,22.0,18.10764984993602,-0.17692500682109003
1,20260812,MP_pH,LP_Drum_pH,0.02,0.017508073070836173,-0.1245963464581914,3.0,1.0,-2.0,14.0,15.186127526519531,0.08472339475139501
1,20260812,MP_pH,LP_Drum_Cond,-0.02,-0.022568648503663212,0.12843242518316056,2.0,4.0,2.0,12.0,9.88303281261661,-0.17641393228194913
1,20260812,MP_pH,LP_ECO_pH,0.01,0.010440235189929674,0.044023518992967414,3.0,3.0,0.0,14.0,11.734976780211364,-0.16178737284204547
1,20260812,MP_pH,Cond_Flow,-0.02,-0.022093607434283357,0.10468037171416777,4.0,6.0,2.0,18.0,16.72616838809129,-0.07076842288381735
1,20260812,MP_pH,Makeup_Flow,-0.03,-0.03006811260333813,0.0022704201112710987,4.0,6.0,2.0,16.0,15.91851290071501,-0.005092943705311881
1,20260812,MP_pH,initial_colored_disturbance,,-0.0023706860441759896,,,,,,,saved initial state
1,20260812,COND_kappa,FW_NH3_PID_SP,-0.006,-0.0056218391528346885,-0.06302680786088533,6.0,4.0,-2.0,16.0,19.121354065712545,0.19508462910703406
1,20260812,COND_kappa,COND_NH3_PID_SP,-0.08,-0.09172704735725506,0.14658809196568834,4.0,6.0,2.0,15.0,14.617141203641335,-0.02552391975724433
1,20260812,COND_kappa,LP_Drum_pH,0.0,0.0,,2.0,4.0,2.0,8.0,9.407168644706323,0.17589608058829032
1,20260812,COND_kappa,LP_Drum_Cond,0.004,0.004532873222734005,0.13321830568350124,2.0,1.0,-1.0,10.0,8.242442204823496,-0.17575577951765042
1,20260812,COND_kappa,LP_ECO_pH,-0.003,-0.003354283633679498,0.1180945445598327,2.0,4.0,2.0,10.0,9.651471153255391,-0.034852884674460904
1,20260812,COND_kappa,Cond_Flow,0.06,0.05344819068688732,-0.10919682188521129,3.0,1.0,-2.0,14.0,11.686120589828626,-0.16527710072652668
1,20260812,COND_kappa,Makeup_Flow,0.08,0.08943264058987575,0.11790800737344687,3.0,2.0,-1.0,12.0,13.431197148995402,0.11926642908295015
1,20260812,COND_kappa,initial_colored_disturbance,,0.0033356856262410244,,,,,,,saved initial state
1,20260812,event,Cond_Flow,,,,184.0,35.0,3.0,0.1001100121176241,,step
1,20260812,event,Makeup_Flow,,,,253.0,28.0,4.0,-0.2241621455156023,,step
1,20260812,event,Cond_Flow,,,,285.0,42.0,3.0,0.12685456746859972,,pulse
1,20260812,event,unmeasured_colored_disturbance,,,,291.0,23.0,-1.0,0.018086659987969125,,enhanced_colored
2,20260813,HP_pH,FW_NH3_PID_SP,0.06,0.06831633136109742,0.13860552268495718,5.0,3.0,-2.0,18.0,21.503393663613707,0.19463298131187257
2,20260813,HP_pH,COND_NH3_PID_SP,0.015,0.014377965030146152,-0.041468997990256495,7.0,5.0,-2.0,20.0,20.854901641246517,0.042745082062325856
2,20260813,HP_pH,LP_Drum_pH,0.03,0.02733673107809481,-0.08877563073017292,3.0,5.0,2.0,12.0,12.757699228613028,0.0631416023844189
2,20260813,HP_pH,LP_Drum_Cond,-0.025,-0.02673246529321422,0.06929861172856877,2.0,3.0,1.0,10.0,11.812722053835174,0.1812722053835174
2,20260813,HP_pH,LP_ECO_pH,0.015,0.016722587562740414,0.11483917084936102,3.0,5.0,2.0,12.0,14.07842588064165,0.1732021567201374
2,20260813,HP_pH,Cond_Flow,-0.03,-0.025729537434347634,-0.14234875218841214,4.0,4.0,0.0,18.0,16.23944421189403,-0.09780865489477619
2,20260813,HP_pH,Makeup_Flow,-0.04,-0.04051674875161611,0.012918718790402739,4.0,3.0,-1.0,15.0,17.023716122643563,0.13491440817623745
2,20260813,HP_pH,initial_colored_disturbance,,0.0030971970044746896,,,,,,,saved initial state
2,20260813,MP_pH,FW_NH3_PID_SP,0.05,0.05280417267629953,0.05608345352599042,6.0,7.0,1.0,20.0,21.204786660551306,0.060239333027565234
2,20260813,MP_pH,COND_NH3_PID_SP,0.012,0.012085020803733675,0.007085066977806198,8.0,6.0,-2.0,22.0,22.985511082350204,0.04479595828864569
2,20260813,MP_pH,LP_Drum_pH,0.02,0.01711473429706309,-0.1442632851468456,3.0,5.0,2.0,14.0,15.339526051658208,0.09568043226130052
2,20260813,MP_pH,LP_Drum_Cond,-0.02,-0.019670966978829165,-0.01645165105854174,2.0,4.0,2.0,12.0,12.941383214995941,0.07844860124966169
2,20260813,MP_pH,LP_ECO_pH,0.01,0.01099956049566283,0.09995604956628301,3.0,2.0,-1.0,14.0,15.787319795789902,0.12766569969927866
2,20260813,MP_pH,Cond_Flow,-0.02,-0.019608121641405924,-0.019593917929703775,4.0,6.0,2.0,18.0,20.621869421658282,0.1456594123143491
2,20260813,MP_pH,Makeup_Flow,-0.03,-0.026993263518064685,-0.10022454939784375,4.0,5.0,1.0,16.0,18.138315082944946,0.1336446926840591
2,20260813,MP_pH,initial_colored_disturbance,,0.0014839752328088232,,,,,,,saved initial state
2,20260813,COND_kappa,FW_NH3_PID_SP,-0.006,-0.005872996039388061,-0.021167326768656625,6.0,6.0,0.0,16.0,17.564343772277144,0.09777148576732153
2,20260813,COND_kappa,COND_NH3_PID_SP,-0.08,-0.0684684979310809,-0.14414377586148885,4.0,4.0,0.0,15.0,17.221008436945972,0.14806722912973158
2,20260813,COND_kappa,LP_Drum_pH,0.0,0.0,,2.0,3.0,1.0,8.0,8.371700743953651,0.04646259299420641
2,20260813,COND_kappa,LP_Drum_Cond,0.004,0.004516572770672965,0.12914319266824115,2.0,4.0,2.0,10.0,11.128646314440356,0.11286463144403558
2,20260813,COND_kappa,LP_ECO_pH,-0.003,-0.003086032848797225,0.028677616265741612,2.0,2.0,0.0,10.0,9.477409227092568,-0.052259077290743194
2,20260813,COND_kappa,Cond_Flow,0.06,0.06074404363353854,0.012400727225642338,3.0,2.0,-1.0,14.0,16.16188709040254,0.1544205064573243
2,20260813,COND_kappa,Makeup_Flow,0.08,0.08901073853194535,0.11263423164931696,3.0,1.0,-2.0,12.0,14.123398787209787,0.17694989893414892
2,20260813,COND_kappa,initial_colored_disturbance,,0.001794849719781939,,,,,,,saved initial state
2,20260813,event,Cond_Flow,,,,102.0,30.0,3.0,0.1298620553790893,,ramp
2,20260813,event,Makeup_Flow,,,,131.0,28.0,4.0,-0.2179454000254306,,step
2,20260813,event,Cond_Flow,,,,260.0,38.0,3.0,-0.10905029522512075,,step
2,20260813,event,unmeasured_colored_disturbance,,,,204.0,26.0,-1.0,0.012042018504539148,,enhanced_colored
3,20260814,HP_pH,FW_NH3_PID_SP,0.06,0.06482985904621323,0.08049765077022064,5.0,3.0,-2.0,18.0,19.545027241644554,0.08583484675803077
3,20260814,HP_pH,COND_NH3_PID_SP,0.015,0.013279536520365946,-0.11469756530893693,7.0,6.0,-1.0,20.0,19.00076776147158,-0.04996161192642101
3,20260814,HP_pH,LP_Drum_pH,0.03,0.034384642876149125,0.14615476253830417,3.0,4.0,1.0,12.0,13.564804257552794,0.13040035479606615
3,20260814,HP_pH,LP_Drum_Cond,-0.025,-0.023211212039372778,-0.07155151842508889,2.0,4.0,2.0,10.0,9.55202574155447,-0.04479742584455304
3,20260814,HP_pH,LP_ECO_pH,0.015,0.01690504231168844,0.12700282077922953,3.0,3.0,0.0,12.0,13.818211798970927,0.15151764991424388
3,20260814,HP_pH,Cond_Flow,-0.03,-0.028520424437633116,-0.04931918541222946,4.0,3.0,-1.0,18.0,15.28542222997173,-0.1508098761126817
3,20260814,HP_pH,Makeup_Flow,-0.04,-0.03989227376211437,-0.002693155947140702,4.0,6.0,2.0,15.0,14.837460703633228,-0.010835953091118067
3,20260814,HP_pH,initial_colored_disturbance,,-0.0022949863702447473,,,,,,,saved initial state
3,20260814,MP_pH,FW_NH3_PID_SP,0.05,0.057200262635575795,0.14400525271151587,6.0,5.0,-1.0,20.0,21.861725241045953,0.09308626205229764
3,20260814,MP_pH,COND_NH3_PID_SP,0.012,0.01080665921261737,-0.09944506561521926,8.0,10.0,2.0,22.0,24.276745895766787,0.1034884498075812
3,20260814,MP_pH,LP_Drum_pH,0.02,0.02013304332302771,0.006652166151385419,3.0,5.0,2.0,14.0,15.022114756703981,0.07300819690742721
3,20260814,MP_pH,LP_Drum_Cond,-0.02,-0.01807896464266249,-0.09605176786687564,2.0,0.0,-2.0,12.0,12.652644208962556,0.054387017413546346
3,20260814,MP_pH,LP_ECO_pH,0.01,0.01115806965559466,0.11580696555946601,3.0,5.0,2.0,14.0,13.718109520524639,-0.020135034248240147
3,20260814,MP_pH,Cond_Flow,-0.02,-0.018174024176091288,-0.0912987911954356,4.0,2.0,-2.0,18.0,21.221265008382183,0.1789591671323434
3,20260814,MP_pH,Makeup_Flow,-0.03,-0.030760349561084727,0.025344985369490924,4.0,6.0,2.0,16.0,15.06861532212673,-0.05821154236707937
3,20260814,MP_pH,initial_colored_disturbance,,0.0014301828006522542,,,,,,,saved initial state
3,20260814,COND_kappa,FW_NH3_PID_SP,-0.006,-0.006782718155718198,0.13045302595303299,6.0,8.0,2.0,16.0,16.22481496094548,0.014050935059092495
3,20260814,COND_kappa,COND_NH3_PID_SP,-0.08,-0.08542106935483738,0.06776336693546736,4.0,2.0,-2.0,15.0,16.413022128669496,0.09420147524463318
3,20260814,COND_kappa,LP_Drum_pH,0.0,0.0,,2.0,2.0,0.0,8.0,9.290138911592072,0.16126736394900898
3,20260814,COND_kappa,LP_Drum_Cond,0.004,0.0036466820363305393,-0.0883294909173652,2.0,3.0,1.0,10.0,8.202364143554956,-0.17976358564450445
3,20260814,COND_kappa,LP_ECO_pH,-0.003,-0.0027327128459973993,-0.08909571800086691,2.0,1.0,-1.0,10.0,11.8520703299134,0.18520703299134
3,20260814,COND_kappa,Cond_Flow,0.06,0.05153890700028381,-0.14101821666193648,3.0,3.0,0.0,14.0,16.051188019859282,0.14651342998994865
3,20260814,COND_kappa,Makeup_Flow,0.08,0.08827197621153035,0.10339970264412934,3.0,1.0,-2.0,12.0,14.175223235697148,0.18126860297476233
3,20260814,COND_kappa,initial_colored_disturbance,,-0.005359226762263563,,,,,,,saved initial state
3,20260814,event,Cond_Flow,,,,156.0,28.0,3.0,-0.10252860212557798,,pulse
3,20260814,event,Makeup_Flow,,,,280.0,36.0,4.0,0.226504860339238,,ramp
3,20260814,event,Cond_Flow,,,,310.0,29.0,3.0,0.1035324375417332,,ramp
3,20260814,event,unmeasured_colored_disturbance,,,,280.0,23.0,-1.0,0.014612344381455011,,enhanced_colored
4,20260815,HP_pH,FW_NH3_PID_SP,0.06,0.06048201132398209,0.008033522066368315,5.0,6.0,1.0,18.0,18.808375999717693,0.04490977776209415
4,20260815,HP_pH,COND_NH3_PID_SP,0.015,0.015700162685421112,0.0466775123614076,7.0,9.0,2.0,20.0,18.545369057801764,-0.07273154710991181
4,20260815,HP_pH,LP_Drum_pH,0.03,0.02890799590894096,-0.036400136368634595,3.0,5.0,2.0,12.0,10.108152735002214,-0.15765393874981548
4,20260815,HP_pH,LP_Drum_Cond,-0.025,-0.027060163255004738,0.08240653020018951,2.0,0.0,-2.0,10.0,11.095270914192525,0.10952709141925254
4,20260815,HP_pH,LP_ECO_pH,0.015,0.012818157035620661,-0.14545619762528927,3.0,5.0,2.0,12.0,12.100794962525914,0.008399580210492807
4,20260815,HP_pH,Cond_Flow,-0.03,-0.034332323044073645,0.14441076813578824,4.0,5.0,1.0,18.0,15.58803646939449,-0.13399797392252832
4,20260815,HP_pH,Makeup_Flow,-0.04,-0.03592006257530569,-0.10199843561735777,4.0,4.0,0.0,15.0,12.387695595340503,-0.17415362697729975
4,20260815,HP_pH,initial_colored_disturbance,,0.0041137854916833486,,,,,,,saved initial state
4,20260815,MP_pH,FW_NH3_PID_SP,0.05,0.047888331477888374,-0.04223337044223252,6.0,5.0,-1.0,20.0,20.68786788921112,0.03439339446055589
4,20260815,MP_pH,COND_NH3_PID_SP,0.012,0.01077433185787796,-0.10213901184350338,8.0,8.0,0.0,22.0,20.071038999404234,-0.08768004548162578
4,20260815,MP_pH,LP_Drum_pH,0.02,0.021919608309601175,0.09598041548005876,3.0,1.0,-2.0,14.0,12.57059219798869,-0.10210055728652212
4,20260815,MP_pH,LP_Drum_Cond,-0.02,-0.02134355618291621,0.0671778091458104,2.0,2.0,0.0,12.0,10.372569760283005,-0.13561918664308292
4,20260815,MP_pH,LP_ECO_pH,0.01,0.009550865148692553,-0.04491348513074467,3.0,2.0,-1.0,14.0,13.300716615723488,-0.04994881316260802
4,20260815,MP_pH,Cond_Flow,-0.02,-0.02017125371121367,0.008562685560683514,4.0,6.0,2.0,18.0,14.502830987732318,-0.1942871673482045
4,20260815,MP_pH,Makeup_Flow,-0.03,-0.03017108180967295,0.00570272698909835,4.0,3.0,-1.0,16.0,16.56510109582742,0.0353188184892137
4,20260815,MP_pH,initial_colored_disturbance,,0.0035923130483752736,,,,,,,saved initial state
4,20260815,COND_kappa,FW_NH3_PID_SP,-0.006,-0.005243734627112904,-0.12604422881451605,6.0,5.0,-1.0,16.0,17.669876661900705,0.10436729136879408
4,20260815,COND_kappa,COND_NH3_PID_SP,-0.08,-0.06869869597609982,-0.1412663002987523,4.0,2.0,-2.0,15.0,14.159858871932549,-0.0560094085378301
4,20260815,COND_kappa,LP_Drum_pH,0.0,0.0,,2.0,2.0,0.0,8.0,6.502532452816675,-0.1871834433979156
4,20260815,COND_kappa,LP_Drum_Cond,0.004,0.0042250800624807116,0.05627001562017786,2.0,1.0,-1.0,10.0,9.404622431998405,-0.05953775680015949
4,20260815,COND_kappa,LP_ECO_pH,-0.003,-0.0034165866774222716,0.1388622258074239,2.0,4.0,2.0,10.0,10.257835670359817,0.025783567035981836
4,20260815,COND_kappa,Cond_Flow,0.06,0.060608170596990786,0.010136176616513115,3.0,5.0,2.0,14.0,16.79258597963863,0.1994704271170451
4,20260815,COND_kappa,Makeup_Flow,0.08,0.0869189963043209,0.08648745380401124,3.0,3.0,0.0,12.0,12.5763915691057,0.04803263075880837
4,20260815,COND_kappa,initial_colored_disturbance,,0.003165265061429854,,,,,,,saved initial state
4,20260815,event,Cond_Flow,,,,149.0,52.0,3.0,-0.09099257415394682,,pulse
4,20260815,event,Makeup_Flow,,,,207.0,48.0,4.0,-0.173969408685894,,ramp
4,20260815,event,Cond_Flow,,,,271.0,53.0,3.0,0.1365859077750073,,step
4,20260815,event,unmeasured_colored_disturbance,,,,272.0,45.0,-1.0,0.015094770363756454,,enhanced_colored
5,20260816,HP_pH,FW_NH3_PID_SP,0.06,0.05347673140723124,-0.10872114321281257,5.0,6.0,1.0,18.0,16.584871550187657,-0.07861824721179689
5,20260816,HP_pH,COND_NH3_PID_SP,0.015,0.016353978829034922,0.09026525526899487,7.0,9.0,2.0,20.0,23.369686128202424,0.16848430641012113
5,20260816,HP_pH,LP_Drum_pH,0.03,0.030862529371400407,0.028750979046680225,3.0,5.0,2.0,12.0,11.002196109105393,-0.08315032424121727
5,20260816,HP_pH,LP_Drum_Cond,-0.025,-0.026768791645715467,0.07075166582861869,2.0,1.0,-1.0,10.0,9.036481226742072,-0.09635187732579276
5,20260816,HP_pH,LP_ECO_pH,0.015,0.015177960508679795,0.011864033911986427,3.0,3.0,0.0,12.0,11.903406300608015,-0.008049474949332058
5,20260816,HP_pH,Cond_Flow,-0.03,-0.02970824729654966,-0.009725090115011326,4.0,5.0,1.0,18.0,14.84961588584277,-0.17502133967540168
5,20260816,HP_pH,Makeup_Flow,-0.04,-0.0387415199204126,-0.03146200198968496,4.0,5.0,1.0,15.0,13.408149952184464,-0.10612333652103567
5,20260816,HP_pH,initial_colored_disturbance,,0.0012154672168138627,,,,,,,saved initial state
5,20260816,MP_pH,FW_NH3_PID_SP,0.05,0.04893191950466266,-0.021361609906746737,6.0,4.0,-2.0,20.0,18.824023015177755,-0.05879884924111223
5,20260816,MP_pH,COND_NH3_PID_SP,0.012,0.011937539820445745,-0.005205014962854637,8.0,7.0,-1.0,22.0,24.78176169204211,0.12644371327464143
5,20260816,MP_pH,LP_Drum_pH,0.02,0.021922091605580802,0.09610458027904012,3.0,2.0,-1.0,14.0,14.262953078796654,0.01878236277118961
5,20260816,MP_pH,LP_Drum_Cond,-0.02,-0.022370413741392595,0.11852068706962982,2.0,4.0,2.0,12.0,10.359232664087502,-0.13673061132604147
5,20260816,MP_pH,LP_ECO_pH,0.01,0.008658180248850445,-0.13418197511495555,3.0,5.0,2.0,14.0,14.728939794601546,0.05206712818582471
5,20260816,MP_pH,Cond_Flow,-0.02,-0.021270834200624814,0.06354171003124076,4.0,5.0,1.0,18.0,16.53857092969092,-0.08119050390605997
5,20260816,MP_pH,Makeup_Flow,-0.03,-0.02974850796488241,-0.008383067837252955,4.0,5.0,1.0,16.0,14.304598728539553,-0.10596257946627796
5,20260816,MP_pH,initial_colored_disturbance,,0.003385907576443556,,,,,,,saved initial state
5,20260816,COND_kappa,FW_NH3_PID_SP,-0.006,-0.005906241743362061,-0.015626376106323225,6.0,5.0,-1.0,16.0,17.41197635405952,0.08824852212871992
5,20260816,COND_kappa,COND_NH3_PID_SP,-0.08,-0.08375011111924355,0.04687638899054436,4.0,2.0,-2.0,15.0,12.903427484030898,-0.13977150106460678
5,20260816,COND_kappa,LP_Drum_pH,0.0,0.0,,2.0,3.0,1.0,8.0,8.650537543999459,0.08131719299993234
5,20260816,COND_kappa,LP_Drum_Cond,0.004,0.004082388584978065,0.02059714624451625,2.0,0.0,-2.0,10.0,9.25935181728149,-0.07406481827185107
5,20260816,COND_kappa,LP_ECO_pH,-0.003,-0.0028317429541671758,-0.05608568194427477,2.0,3.0,1.0,10.0,8.895327394998038,-0.11046726050019617
5,20260816,COND_kappa,Cond_Flow,0.06,0.06073020676935267,0.012170112822544432,3.0,5.0,2.0,14.0,14.440282849091531,0.031448774935109336
5,20260816,COND_kappa,Makeup_Flow,0.08,0.07540564946190265,-0.05742938172621692,3.0,3.0,0.0,12.0,10.45170443678125,-0.12902463026822908
5,20260816,COND_kappa,initial_colored_disturbance,,-0.0015263204978892741,,,,,,,saved initial state
5,20260816,event,Cond_Flow,,,,81.0,33.0,3.0,0.09055545085609475,,ramp
5,20260816,event,Makeup_Flow,,,,184.0,53.0,4.0,-0.1748626883948006,,pulse
5,20260816,event,Cond_Flow,,,,208.0,26.0,3.0,-0.08565236751927126,,step
5,20260816,event,unmeasured_colored_disturbance,,,,210.0,36.0,-1.0,0.01347174375448742,,enhanced_colored
6,20260817,HP_pH,FW_NH3_PID_SP,0.06,0.05464106322437728,-0.08931561292704537,5.0,5.0,0.0,18.0,20.840899587554418,0.15782775486413425
6,20260817,HP_pH,COND_NH3_PID_SP,0.015,0.0160248273048716,0.0683218203247733,7.0,9.0,2.0,20.0,17.31220902171665,-0.13438954891416743
6,20260817,HP_pH,LP_Drum_pH,0.03,0.03346862206552362,0.11562073551745389,3.0,2.0,-1.0,12.0,12.186617684295976,0.015551473691331363
6,20260817,HP_pH,LP_Drum_Cond,-0.025,-0.02238228078587265,-0.10470876856509403,2.0,0.0,-2.0,10.0,8.111314074537919,-0.18886859254620814
6,20260817,HP_pH,LP_ECO_pH,0.015,0.013173521971300936,-0.12176520191327089,3.0,2.0,-1.0,12.0,12.551595729440676,0.045966310786722975
6,20260817,HP_pH,Cond_Flow,-0.03,-0.032084535461763916,0.06948451539213063,4.0,3.0,-1.0,18.0,18.899393222099384,0.04996629011663245
6,20260817,HP_pH,Makeup_Flow,-0.04,-0.041225314674126094,0.030632866853152363,4.0,4.0,0.0,15.0,13.180630577715052,-0.12129129481899659
6,20260817,HP_pH,initial_colored_disturbance,,0.004522997393998341,,,,,,,saved initial state
6,20260817,MP_pH,FW_NH3_PID_SP,0.05,0.04456818480178046,-0.10863630396439083,6.0,4.0,-2.0,20.0,16.87839113695571,-0.15608044315221448
6,20260817,MP_pH,COND_NH3_PID_SP,0.012,0.013701968538410233,0.14183071153418614,8.0,8.0,0.0,22.0,23.656724229052667,0.0753056467751212
6,20260817,MP_pH,LP_Drum_pH,0.02,0.01951096766725855,-0.024451616637072515,3.0,2.0,-1.0,14.0,12.924536053905973,-0.07681885329243054
6,20260817,MP_pH,LP_Drum_Cond,-0.02,-0.022138785148398444,0.10693925741992216,2.0,0.0,-2.0,12.0,9.769425024356707,-0.1858812479702744
6,20260817,MP_pH,LP_ECO_pH,0.01,0.011443019394554424,0.14430193945544234,3.0,3.0,0.0,14.0,16.452043287179244,0.17514594908423176
6,20260817,MP_pH,Cond_Flow,-0.02,-0.01984511008840372,-0.007744495579813937,4.0,3.0,-1.0,18.0,18.807724582834368,0.044873587935242654
6,20260817,MP_pH,Makeup_Flow,-0.03,-0.030509263512653262,0.016975450421775395,4.0,5.0,1.0,16.0,16.85387464809871,0.05336716550616938
6,20260817,MP_pH,initial_colored_disturbance,,0.0003256839358047558,,,,,,,saved initial state
6,20260817,COND_kappa,FW_NH3_PID_SP,-0.006,-0.005209839285389983,-0.13169345243500274,6.0,4.0,-2.0,16.0,17.745886344151977,0.10911789650949855
6,20260817,COND_kappa,COND_NH3_PID_SP,-0.08,-0.086420165225019,0.08025206531273743,4.0,6.0,2.0,15.0,15.022868911559152,0.0015245941039434552
6,20260817,COND_kappa,LP_Drum_pH,0.0,0.0,,2.0,2.0,0.0,8.0,6.709587279609472,-0.16130159004881595
6,20260817,COND_kappa,LP_Drum_Cond,0.004,0.003912058234654931,-0.02198544133626723,2.0,2.0,0.0,10.0,8.579856405090098,-0.14201435949099017
6,20260817,COND_kappa,LP_ECO_pH,-0.003,-0.0026243115216625645,-0.1252294927791452,2.0,1.0,-1.0,10.0,11.062231034432807,0.10622310344328079
6,20260817,COND_kappa,Cond_Flow,0.06,0.05981660710198261,-0.0030565483002897853,3.0,5.0,2.0,14.0,16.193421316174476,0.15667295115531976
6,20260817,COND_kappa,Makeup_Flow,0.08,0.0691737618291539,-0.13532797713557632,3.0,2.0,-1.0,12.0,14.269544353734279,0.18912869614452332
6,20260817,COND_kappa,initial_colored_disturbance,,0.0016747091063378783,,,,,,,saved initial state
6,20260817,event,Cond_Flow,,,,92.0,34.0,3.0,0.11004781077594315,,ramp
6,20260817,event,Makeup_Flow,,,,163.0,33.0,4.0,-0.20448313776794766,,step
6,20260817,event,Cond_Flow,,,,251.0,34.0,3.0,-0.09036655245906129,,pulse
6,20260817,event,unmeasured_colored_disturbance,,,,165.0,34.0,-1.0,0.012314430087589378,,enhanced_colored
7,20260818,HP_pH,FW_NH3_PID_SP,0.06,0.05820516106010678,-0.029913982331553624,5.0,6.0,1.0,18.0,17.32997519853051,-0.037223600081638386
7,20260818,HP_pH,COND_NH3_PID_SP,0.015,0.014797664703736405,-0.013489019750906328,7.0,8.0,1.0,20.0,19.58808378637454,-0.02059581068127303
7,20260818,HP_pH,LP_Drum_pH,0.03,0.028396522623308783,-0.05344924588970723,3.0,1.0,-2.0,12.0,10.73856685372092,-0.10511942885658998
7,20260818,HP_pH,LP_Drum_Cond,-0.025,-0.024303648888405454,-0.027854044463781924,2.0,1.0,-1.0,10.0,10.374427079734074,0.03744270797340743
7,20260818,HP_pH,LP_ECO_pH,0.015,0.01307872787556273,-0.12808480829581792,3.0,4.0,1.0,12.0,10.618951046976244,-0.11508741275197965
7,20260818,HP_pH,Cond_Flow,-0.03,-0.027624005472348476,-0.07919981758838412,4.0,6.0,2.0,18.0,17.972749279979972,-0.0015139288900015702
7,20260818,HP_pH,Makeup_Flow,-0.04,-0.04194376930632679,0.048594232658169645,4.0,4.0,0.0,15.0,15.392016955614107,0.02613446370760708
7,20260818,HP_pH,initial_colored_disturbance,,0.004222314038905206,,,,,,,saved initial state
7,20260818,MP_pH,FW_NH3_PID_SP,0.05,0.05734972143900807,0.14699442878016145,6.0,7.0,1.0,20.0,23.839792460780224,0.19198962303901124
7,20260818,MP_pH,COND_NH3_PID_SP,0.012,0.011882267895627305,-0.009811008697724555,8.0,9.0,1.0,22.0,20.794324326087718,-0.054803439723285496
7,20260818,MP_pH,LP_Drum_pH,0.02,0.02217834723198028,0.108917361599014,3.0,3.0,0.0,14.0,16.417970006030963,0.17271214328792595
7,20260818,MP_pH,LP_Drum_Cond,-0.02,-0.019206376268977216,-0.03968118655113917,2.0,4.0,2.0,12.0,11.841650230052341,-0.013195814162304864
7,20260818,MP_pH,LP_ECO_pH,0.01,0.008625606092205376,-0.13743939077946243,3.0,2.0,-1.0,14.0,11.887310284235522,-0.15090640826889135
7,20260818,MP_pH,Cond_Flow,-0.02,-0.020737418145530873,0.03687090727654363,4.0,4.0,0.0,18.0,18.360691013052847,0.020038389614047025
7,20260818,MP_pH,Makeup_Flow,-0.03,-0.0258340762715151,-0.13886412428283001,4.0,2.0,-2.0,16.0,15.23395115761233,-0.0478780526492294
7,20260818,MP_pH,initial_colored_disturbance,,-0.00216891387598451,,,,,,,saved initial state
7,20260818,COND_kappa,FW_NH3_PID_SP,-0.006,-0.005457206374629994,-0.09046560422833438,6.0,6.0,0.0,16.0,15.016015264153452,-0.06149904599040923
7,20260818,COND_kappa,COND_NH3_PID_SP,-0.08,-0.06867949451800276,-0.14150631852496554,4.0,3.0,-1.0,15.0,16.36513340271096,0.09100889351406405
7,20260818,COND_kappa,LP_Drum_pH,0.0,0.0,,2.0,4.0,2.0,8.0,6.776524591154639,-0.1529344261056701
7,20260818,COND_kappa,LP_Drum_Cond,0.004,0.004213788327324893,0.053447081831223375,2.0,2.0,0.0,10.0,8.600809182289149,-0.13991908177108514
7,20260818,COND_kappa,LP_ECO_pH,-0.003,-0.0027921599527695423,-0.06928001574348597,2.0,3.0,1.0,10.0,8.300357493940846,-0.16996425060591547
7,20260818,COND_kappa,Cond_Flow,0.06,0.06024220079657086,0.004036679942847732,3.0,3.0,0.0,14.0,16.773760764365548,0.1981257688832534
7,20260818,COND_kappa,Makeup_Flow,0.08,0.0830558761850858,0.03819845231357233,3.0,3.0,0.0,12.0,13.551140888906193,0.12926174074218277
7,20260818,COND_kappa,initial_colored_disturbance,,-0.0023794409820187407,,,,,,,saved initial state
7,20260818,event,Cond_Flow,,,,185.0,38.0,3.0,-0.12126515591337392,,ramp
7,20260818,event,Makeup_Flow,,,,214.0,28.0,4.0,-0.19887257101573255,,pulse
7,20260818,event,Cond_Flow,,,,311.0,31.0,3.0,-0.09200116560621464,,pulse
7,20260818,event,unmeasured_colored_disturbance,,,,253.0,26.0,-1.0,0.013475916813131462,,enhanced_colored
8,20260819,HP_pH,FW_NH3_PID_SP,0.06,0.0627416935529738,0.04569489254956349,5.0,5.0,0.0,18.0,15.140590123712997,-0.15885610423816687
8,20260819,HP_pH,COND_NH3_PID_SP,0.015,0.014411808496930429,-0.039212766871304705,7.0,7.0,0.0,20.0,17.343987559461766,-0.13280062202691167
8,20260819,HP_pH,LP_Drum_pH,0.03,0.02978896927025344,-0.007034357658218693,3.0,1.0,-2.0,12.0,13.87129644500984,0.15594137041748657
8,20260819,HP_pH,LP_Drum_Cond,-0.025,-0.027048974543883247,0.0819589817553299,2.0,3.0,1.0,10.0,8.535367915997753,-0.14646320840022464
8,20260819,HP_pH,LP_ECO_pH,0.015,0.01598678094164537,0.06578539610969125,3.0,3.0,0.0,12.0,10.609196644346648,-0.11590027963777938
8,20260819,HP_pH,Cond_Flow,-0.03,-0.032692363945081834,0.08974546483606116,4.0,4.0,0.0,18.0,14.417398222116415,-0.19903343210464364
8,20260819,HP_pH,Makeup_Flow,-0.04,-0.04231901924779849,0.05797548119496221,4.0,6.0,2.0,15.0,14.60534843794485,-0.02631010413701007
8,20260819,HP_pH,initial_colored_disturbance,,-5.848911184455046e-05,,,,,,,saved initial state
8,20260819,MP_pH,FW_NH3_PID_SP,0.05,0.057141494764235384,0.14282989528470758,6.0,8.0,2.0,20.0,22.439147056668567,0.12195735283342835
8,20260819,MP_pH,COND_NH3_PID_SP,0.012,0.012185078281339483,0.01542319011162352,8.0,10.0,2.0,22.0,17.706772505816552,-0.19514670428106584
8,20260819,MP_pH,LP_Drum_pH,0.02,0.020109744449517974,0.005487222475898612,3.0,2.0,-1.0,14.0,14.774765061248576,0.055340361517755454
8,20260819,MP_pH,LP_Drum_Cond,-0.02,-0.01959832158440914,-0.02008392077954302,2.0,3.0,1.0,12.0,11.516356491727223,-0.04030362568939816
8,20260819,MP_pH,LP_ECO_pH,0.01,0.01105726771314963,0.105726771314963,3.0,2.0,-1.0,14.0,12.870990957725601,-0.08064350301959988
8,20260819,MP_pH,Cond_Flow,-0.02,-0.018589969264187493,-0.07050153679062543,4.0,3.0,-1.0,18.0,17.290348016700296,-0.03942511018331685
8,20260819,MP_pH,Makeup_Flow,-0.03,-0.031973119824968435,0.06577066083228122,4.0,3.0,-1.0,16.0,17.540884945847147,0.09630530911544666
8,20260819,MP_pH,initial_colored_disturbance,,-0.005269491970712024,,,,,,,saved initial state
8,20260819,COND_kappa,FW_NH3_PID_SP,-0.006,-0.005336502669723281,-0.11058288837945318,6.0,5.0,-1.0,16.0,19.028288368971936,0.18926802306074597
8,20260819,COND_kappa,COND_NH3_PID_SP,-0.08,-0.07893483549024685,-0.013314556371914366,4.0,6.0,2.0,15.0,17.950699774720338,0.1967133183146892
8,20260819,COND_kappa,LP_Drum_pH,0.0,0.0,,2.0,2.0,0.0,8.0,9.086632948991863,0.13582911862398284
8,20260819,COND_kappa,LP_Drum_Cond,0.004,0.004346213202719938,0.08655330067998435,2.0,4.0,2.0,10.0,10.465242211779046,0.04652422117790467
8,20260819,COND_kappa,LP_ECO_pH,-0.003,-0.0032982405353499345,0.09941351178331148,2.0,0.0,-2.0,10.0,8.952105935703422,-0.10478940642965784
8,20260819,COND_kappa,Cond_Flow,0.06,0.06708496729074476,0.11808278817907936,3.0,3.0,0.0,14.0,13.642150283391432,-0.025560694043469168
8,20260819,COND_kappa,Makeup_Flow,0.08,0.07800825470935087,-0.02489681613311412,3.0,2.0,-1.0,12.0,14.055909588645056,0.17132579905375467
8,20260819,COND_kappa,initial_colored_disturbance,,-0.0029656888096374454,,,,,,,saved initial state
8,20260819,event,Cond_Flow,,,,71.0,52.0,3.0,0.08483908787306897,,ramp
8,20260819,event,Makeup_Flow,,,,182.0,48.0,4.0,0.1845571459925615,,pulse
8,20260819,event,Cond_Flow,,,,290.0,27.0,3.0,-0.11358015776311862,,pulse
8,20260819,event,unmeasured_colored_disturbance,,,,193.0,35.0,-1.0,0.013138837700779022,,enhanced_colored
9,20260820,HP_pH,FW_NH3_PID_SP,0.06,0.056989196156646334,-0.05018006405589437,5.0,5.0,0.0,18.0,17.04198436865764,-0.05322309063013109
9,20260820,HP_pH,COND_NH3_PID_SP,0.015,0.01318428649372825,-0.12104756708478337,7.0,5.0,-2.0,20.0,20.298374195875056,0.014918709793752871
9,20260820,HP_pH,LP_Drum_pH,0.03,0.029001937016602367,-0.033268766113254356,3.0,2.0,-1.0,12.0,13.085816164587065,0.09048468038225543
9,20260820,HP_pH,LP_Drum_Cond,-0.025,-0.026642446488328055,0.06569785953312213,2.0,3.0,1.0,10.0,11.58473926649011,0.15847392664901117
9,20260820,HP_pH,LP_ECO_pH,0.015,0.013185401409191538,-0.12097323938723081,3.0,1.0,-2.0,12.0,14.383773194544078,0.19864776621200653
9,20260820,HP_pH,Cond_Flow,-0.03,-0.027855755036168224,-0.07147483212772587,4.0,3.0,-1.0,18.0,15.82697516169805,-0.12072360212788613
9,20260820,HP_pH,Makeup_Flow,-0.04,-0.04232347406832178,0.058086851708044396,4.0,6.0,2.0,15.0,15.640843895720044,0.042722926381336235
9,20260820,HP_pH,initial_colored_disturbance,,9.085766714725034e-05,,,,,,,saved initial state
9,20260820,MP_pH,FW_NH3_PID_SP,0.05,0.04297801186021058,-0.1404397627957884,6.0,6.0,0.0,20.0,22.861965240909953,0.1430982620454977
9,20260820,MP_pH,COND_NH3_PID_SP,0.012,0.010670333074255422,-0.11080557714538153,8.0,8.0,0.0,22.0,19.888567921310706,-0.09597418539496794
9,20260820,MP_pH,LP_Drum_pH,0.02,0.017510046794733537,-0.1244976602633232,3.0,3.0,0.0,14.0,12.8129868344928,-0.08478665467908564
9,20260820,MP_pH,LP_Drum_Cond,-0.02,-0.020736702794513607,0.03683513972568031,2.0,3.0,1.0,12.0,13.57127808849766,0.13093984070813836
9,20260820,MP_pH,LP_ECO_pH,0.01,0.00934103150948093,-0.06589684905190707,3.0,2.0,-1.0,14.0,13.37852017358314,-0.04439141617263276
9,20260820,MP_pH,Cond_Flow,-0.02,-0.020595748911800636,0.02978744559003177,4.0,4.0,0.0,18.0,18.29353949290991,0.016307749606106148
9,20260820,MP_pH,Makeup_Flow,-0.03,-0.029367926689635438,-0.02106911034548531,4.0,4.0,0.0,16.0,15.171883573985658,-0.051757276625896353
9,20260820,MP_pH,initial_colored_disturbance,,-0.0003995342514404985,,,,,,,saved initial state
9,20260820,COND_kappa,FW_NH3_PID_SP,-0.006,-0.0067899438548491885,0.1316573091415314,6.0,8.0,2.0,16.0,16.104696068988645,0.006543504311790294
9,20260820,COND_kappa,COND_NH3_PID_SP,-0.08,-0.07367980930006293,-0.07900238374921342,4.0,4.0,0.0,15.0,16.5573625682053,0.1038241712136867
9,20260820,COND_kappa,LP_Drum_pH,0.0,0.0,,2.0,3.0,1.0,8.0,6.865425680091007,-0.14182178998862416
9,20260820,COND_kappa,LP_Drum_Cond,0.004,0.004587310379952242,0.14682759498806064,2.0,2.0,0.0,10.0,11.37225530541713,0.13722553054171316
9,20260820,COND_kappa,LP_ECO_pH,-0.003,-0.0028294561310128197,-0.056847956329060145,2.0,0.0,-2.0,10.0,8.548994319079329,-0.14510056809206717
9,20260820,COND_kappa,Cond_Flow,0.06,0.06755135208043035,0.12585586800717263,3.0,1.0,-2.0,14.0,14.422900528155953,0.030207180582568105
9,20260820,COND_kappa,Makeup_Flow,0.08,0.07017323458100606,-0.12283456773742418,3.0,5.0,2.0,12.0,14.35257926296095,0.19604827191341245
9,20260820,COND_kappa,initial_colored_disturbance,,-0.002408897894766569,,,,,,,saved initial state
9,20260820,event,Cond_Flow,,,,71.0,45.0,3.0,-0.13001367021365198,,step
9,20260820,event,Makeup_Flow,,,,94.0,40.0,4.0,-0.19727312734704652,,pulse
9,20260820,event,Cond_Flow,,,,113.0,42.0,3.0,0.09102735818107904,,ramp
9,20260820,event,unmeasured_colored_disturbance,,,,173.0,29.0,-1.0,0.011347604519029693,,enhanced_colored
10,20260821,HP_pH,FW_NH3_PID_SP,0.06,0.053030816515202334,-0.11615305807996112,5.0,7.0,2.0,18.0,18.372352806103557,0.020686267005753045
10,20260821,HP_pH,COND_NH3_PID_SP,0.015,0.016279794736488804,0.0853196490992536,7.0,9.0,2.0,20.0,21.341446079929195,0.0670723039964598
10,20260821,HP_pH,LP_Drum_pH,0.03,0.031004329478227576,0.03347764927425256,3.0,5.0,2.0,12.0,14.260388939863859,0.18836574498865488
10,20260821,HP_pH,LP_Drum_Cond,-0.025,-0.02343170682805907,-0.06273172687763728,2.0,3.0,1.0,10.0,11.99414836299313,0.1994148362993129
10,20260821,HP_pH,LP_ECO_pH,0.015,0.015253468402681193,0.016897893512079598,3.0,4.0,1.0,12.0,11.883275776610539,-0.009727018615788396
10,20260821,HP_pH,Cond_Flow,-0.03,-0.030965152716345822,0.03217175721152743,4.0,6.0,2.0,18.0,17.710180569347223,-0.016101079480709823
10,20260821,HP_pH,Makeup_Flow,-0.04,-0.045831420376203746,0.14578550940509372,4.0,6.0,2.0,15.0,12.717812822490252,-0.15214581183398324
10,20260821,HP_pH,initial_colored_disturbance,,-0.005919650692856433,,,,,,,saved initial state
10,20260821,MP_pH,FW_NH3_PID_SP,0.05,0.046275918512589484,-0.07448162974821038,6.0,4.0,-2.0,20.0,22.726477392728974,0.1363238696364486
10,20260821,MP_pH,COND_NH3_PID_SP,0.012,0.01235606966573636,0.029672472144696593,8.0,8.0,0.0,22.0,18.742400490677724,-0.14807270496919434
10,20260821,MP_pH,LP_Drum_pH,0.02,0.019757953178326154,-0.012102341083692347,3.0,5.0,2.0,14.0,14.424740275676157,0.03033859111972559
10,20260821,MP_pH,LP_Drum_Cond,-0.02,-0.02065725138823674,0.03286256941183696,2.0,4.0,2.0,12.0,12.917587976892055,0.07646566474100447
10,20260821,MP_pH,LP_ECO_pH,0.01,0.009156530702579262,-0.0843469297420738,3.0,4.0,1.0,14.0,12.601223419080615,-0.09991261292281328
10,20260821,MP_pH,Cond_Flow,-0.02,-0.018915389740585122,-0.05423051297074388,4.0,3.0,-1.0,18.0,15.715410884697128,-0.12692161751682618
10,20260821,MP_pH,Makeup_Flow,-0.03,-0.03181493601173844,0.06049786705794791,4.0,3.0,-1.0,16.0,14.270947370196142,-0.10806578936274114
10,20260821,MP_pH,initial_colored_disturbance,,-0.0024128306558233578,,,,,,,saved initial state
10,20260821,COND_kappa,FW_NH3_PID_SP,-0.006,-0.005328269172883402,-0.11195513785276634,6.0,8.0,2.0,16.0,18.92504596229887,0.18281537264367942
10,20260821,COND_kappa,COND_NH3_PID_SP,-0.08,-0.08506213850521288,0.06327673131516098,4.0,3.0,-1.0,15.0,14.899615064526047,-0.006692329031596889
10,20260821,COND_kappa,LP_Drum_pH,0.0,0.0,,2.0,2.0,0.0,8.0,6.457751852210274,-0.19278101847371576
10,20260821,COND_kappa,LP_Drum_Cond,0.004,0.004093654228999055,0.023413557249763794,2.0,3.0,1.0,10.0,10.911207156859618,0.0911207156859617
10,20260821,COND_kappa,LP_ECO_pH,-0.003,-0.002990641396847874,-0.003119534384042,2.0,3.0,1.0,10.0,10.253268253607057,0.02532682536070574
10,20260821,COND_kappa,Cond_Flow,0.06,0.06854209248418536,0.14236820806975592,3.0,2.0,-1.0,14.0,15.421956571287016,0.10156832652050118
10,20260821,COND_kappa,Makeup_Flow,0.08,0.07912794938044161,-0.010900632744479832,3.0,2.0,-1.0,12.0,12.927440008973079,0.07728666741442325
10,20260821,COND_kappa,initial_colored_disturbance,,0.005161713670441495,,,,,,,saved initial state
10,20260821,event,Cond_Flow,,,,125.0,39.0,3.0,0.12929329970167727,,step
10,20260821,event,Makeup_Flow,,,,282.0,32.0,4.0,-0.16498320162869995,,pulse
10,20260821,event,Cond_Flow,,,,283.0,38.0,3.0,-0.09428811073683946,,pulse
10,20260821,event,unmeasured_colored_disturbance,,,,200.0,48.0,-1.0,0.014722554210331213,,enhanced_colored
11,20260822,HP_pH,FW_NH3_PID_SP,0.06,0.06117173004140027,0.019528834023337938,5.0,4.0,-1.0,18.0,20.470314676661307,0.13723970425896148
11,20260822,HP_pH,COND_NH3_PID_SP,0.015,0.013636463583204828,-0.09090242778634472,7.0,9.0,2.0,20.0,23.947376379109656,0.19736881895548275
11,20260822,HP_pH,LP_Drum_pH,0.03,0.03228606168414581,0.07620205613819353,3.0,5.0,2.0,12.0,12.505704824796696,0.042142068733058036
11,20260822,HP_pH,LP_Drum_Cond,-0.025,-0.02309502006216261,-0.07619919751349569,2.0,1.0,-1.0,10.0,10.567923067926404,0.05679230679264036
11,20260822,HP_pH,LP_ECO_pH,0.015,0.01390719672065461,-0.07285355195635923,3.0,4.0,1.0,12.0,13.712354901249832,0.1426962417708193
11,20260822,HP_pH,Cond_Flow,-0.03,-0.026447716081483757,-0.11840946395054142,4.0,6.0,2.0,18.0,18.73021618924822,0.04056756606934564
11,20260822,HP_pH,Makeup_Flow,-0.04,-0.034919174617326354,-0.1270206345668412,4.0,4.0,0.0,15.0,17.24266982103849,0.14951132140256607
11,20260822,HP_pH,initial_colored_disturbance,,-0.00012237860301377243,,,,,,,saved initial state
11,20260822,MP_pH,FW_NH3_PID_SP,0.05,0.045702058477058834,-0.08595883045882335,6.0,5.0,-1.0,20.0,19.66838493468204,-0.01658075326589792
11,20260822,MP_pH,COND_NH3_PID_SP,0.012,0.013311301878082623,0.10927515650688524,8.0,7.0,-1.0,22.0,21.669488429729793,-0.015023253194100361
11,20260822,MP_pH,LP_Drum_pH,0.02,0.020969384499382526,0.04846922496912631,3.0,4.0,1.0,14.0,13.440156762181367,-0.03998880270133098
11,20260822,MP_pH,LP_Drum_Cond,-0.02,-0.01892837758856371,-0.05358112057181441,2.0,3.0,1.0,12.0,12.015204112526774,0.0012670093772311208
11,20260822,MP_pH,LP_ECO_pH,0.01,0.010353679044095922,0.035367904409592255,3.0,4.0,1.0,14.0,11.758623566713077,-0.16009831666335173
11,20260822,MP_pH,Cond_Flow,-0.02,-0.020124335717411086,0.006216785870554187,4.0,6.0,2.0,18.0,20.816116743027017,0.15645093016816758
11,20260822,MP_pH,Makeup_Flow,-0.03,-0.030708303753990314,0.02361012513301053,4.0,5.0,1.0,16.0,16.09385839818797,0.005866149886748051
11,20260822,MP_pH,initial_colored_disturbance,,0.002024081191934477,,,,,,,saved initial state
11,20260822,COND_kappa,FW_NH3_PID_SP,-0.006,-0.006327002454906265,0.05450040915104415,6.0,7.0,1.0,16.0,19.17042639489286,0.1981516496808038
11,20260822,COND_kappa,COND_NH3_PID_SP,-0.08,-0.07583409328880625,-0.05207383388992193,4.0,3.0,-1.0,15.0,17.58142055777424,0.17209470385161607
11,20260822,COND_kappa,LP_Drum_pH,0.0,0.0,,2.0,1.0,-1.0,8.0,8.446200344529824,0.05577504306622805
11,20260822,COND_kappa,LP_Drum_Cond,0.004,0.004335479224823864,0.08386980620596596,2.0,4.0,2.0,10.0,11.182089033055902,0.1182089033055902
11,20260822,COND_kappa,LP_ECO_pH,-0.003,-0.002937880648903116,-0.020706450365628015,2.0,2.0,0.0,10.0,11.683509268616977,0.16835092686169761
11,20260822,COND_kappa,Cond_Flow,0.06,0.059541651012122825,-0.007639149797952882,3.0,1.0,-2.0,14.0,14.649180107777562,0.046370007698397275
11,20260822,COND_kappa,Makeup_Flow,0.08,0.08722475581213622,0.09030944765170279,3.0,5.0,2.0,12.0,13.915241076902632,0.15960342307521924
11,20260822,COND_kappa,initial_colored_disturbance,,-0.004418387942491278,,,,,,,saved initial state
11,20260822,event,Cond_Flow,,,,77.0,42.0,3.0,0.12262297807569543,,pulse
11,20260822,event,Makeup_Flow,,,,86.0,44.0,4.0,0.17385152985619362,,ramp
11,20260822,event,Cond_Flow,,,,176.0,31.0,3.0,0.08864824546102995,,step
11,20260822,event,unmeasured_colored_disturbance,,,,184.0,25.0,-1.0,0.01067588231197483,,enhanced_colored
12,20260823,HP_pH,FW_NH3_PID_SP,0.06,0.051742368009774116,-0.13762719983709804,5.0,4.0,-1.0,18.0,20.63575764295332,0.1464309801640733
12,20260823,HP_pH,COND_NH3_PID_SP,0.015,0.013538224242762813,-0.0974517171491458,7.0,8.0,1.0,20.0,16.14647249352859,-0.1926763753235704
12,20260823,HP_pH,LP_Drum_pH,0.03,0.02768445658607435,-0.07718478046418831,3.0,3.0,0.0,12.0,10.857891226045489,-0.09517573116287592
12,20260823,HP_pH,LP_Drum_Cond,-0.025,-0.02475281692120912,-0.009887323151635208,2.0,1.0,-1.0,10.0,10.594222784818221,0.05942227848182213
12,20260823,HP_pH,LP_ECO_pH,0.015,0.01708857116550487,0.1392380777003248,3.0,1.0,-2.0,12.0,10.392871295083108,-0.1339273920764077
12,20260823,HP_pH,Cond_Flow,-0.03,-0.02706481220022753,-0.09783959332574899,4.0,2.0,-2.0,18.0,20.361992326215038,0.1312217959008355
12,20260823,HP_pH,Makeup_Flow,-0.04,-0.043590568853459785,0.08976422133649464,4.0,6.0,2.0,15.0,12.428753752529417,-0.17141641649803885
12,20260823,HP_pH,initial_colored_disturbance,,-0.0012303999680667922,,,,,,,saved initial state
12,20260823,MP_pH,FW_NH3_PID_SP,0.05,0.04695738091380075,-0.060852381723984994,6.0,4.0,-2.0,20.0,20.03811178145945,0.0019055890729724467
12,20260823,MP_pH,COND_NH3_PID_SP,0.012,0.013176774371286188,0.0980645309405157,8.0,7.0,-1.0,22.0,18.904497487735295,-0.14070465964839574
12,20260823,MP_pH,LP_Drum_pH,0.02,0.02230077549178233,0.11503877458911638,3.0,5.0,2.0,14.0,15.627722022447486,0.11626585874624906
12,20260823,MP_pH,LP_Drum_Cond,-0.02,-0.020928899477797993,0.04644497388989954,2.0,2.0,0.0,12.0,13.865800877453335,0.15548340645444458
12,20260823,MP_pH,LP_ECO_pH,0.01,0.011423318004447581,0.14233180044475802,3.0,2.0,-1.0,14.0,11.959018950027088,-0.1457843607123508
12,20260823,MP_pH,Cond_Flow,-0.02,-0.019371321925066808,-0.03143390374665955,4.0,6.0,2.0,18.0,14.697559454483033,-0.1834689191953871
12,20260823,MP_pH,Makeup_Flow,-0.03,-0.028224906942902136,-0.05916976856992873,4.0,5.0,1.0,16.0,15.040046989456329,-0.05999706315897946
12,20260823,MP_pH,initial_colored_disturbance,,-0.002262715059554614,,,,,,,saved initial state
12,20260823,COND_kappa,FW_NH3_PID_SP,-0.006,-0.006747703462762699,0.12461724379378314,6.0,5.0,-1.0,16.0,16.170911616008578,0.010681976000536109
12,20260823,COND_kappa,COND_NH3_PID_SP,-0.08,-0.07805190526842637,-0.024351184144670412,4.0,4.0,0.0,15.0,12.356024713046521,-0.17626501913023196
12,20260823,COND_kappa,LP_Drum_pH,0.0,0.0,,2.0,2.0,0.0,8.0,6.907176279730154,-0.1366029650337307
12,20260823,COND_kappa,LP_Drum_Cond,0.004,0.0035344691765279352,-0.11638270586801625,2.0,3.0,1.0,10.0,10.358474998972238,0.0358474998972238
12,20260823,COND_kappa,LP_ECO_pH,-0.003,-0.002770040348192791,-0.0766532172690697,2.0,4.0,2.0,10.0,11.8052945598908,0.18052945598908
12,20260823,COND_kappa,Cond_Flow,0.06,0.05731729002729082,-0.044711832878486235,3.0,3.0,0.0,14.0,15.516767330297796,0.10834052359269974
12,20260823,COND_kappa,Makeup_Flow,0.08,0.08042530534858301,0.005316316857287617,3.0,4.0,1.0,12.0,9.6453560079645,-0.19622033266962502
12,20260823,COND_kappa,initial_colored_disturbance,,0.00046036027670393184,,,,,,,saved initial state
12,20260823,event,Cond_Flow,,,,253.0,26.0,3.0,0.14260108302696506,,ramp
12,20260823,event,Makeup_Flow,,,,269.0,33.0,4.0,-0.1858253249312972,,pulse
12,20260823,event,Cond_Flow,,,,314.0,50.0,3.0,0.12455362675431678,,step
12,20260823,event,unmeasured_colored_disturbance,,,,230.0,33.0,-1.0,0.016624650116275296,,enhanced_colored
13,20260824,HP_pH,FW_NH3_PID_SP,0.06,0.06672513440061784,0.11208557334363056,5.0,6.0,1.0,18.0,16.247439303860013,-0.09736448311888823
13,20260824,HP_pH,COND_NH3_PID_SP,0.015,0.014120249078208177,-0.05865006145278817,7.0,7.0,0.0,20.0,16.50762918094768,-0.17461854095261597
13,20260824,HP_pH,LP_Drum_pH,0.03,0.030556365236779858,0.01854550789266196,3.0,5.0,2.0,12.0,11.080383978265036,-0.07663466847791367
13,20260824,HP_pH,LP_Drum_Cond,-0.025,-0.02307478617496,-0.07700855300160003,2.0,4.0,2.0,10.0,9.967107856114533,-0.0032892143885467906
13,20260824,HP_pH,LP_ECO_pH,0.015,0.012813531279046223,-0.1457645813969184,3.0,5.0,2.0,12.0,9.958385278285352,-0.1701345601428873
13,20260824,HP_pH,Cond_Flow,-0.03,-0.025983766170204054,-0.13387446099319822,4.0,6.0,2.0,18.0,17.027872200846307,-0.05400709995298292
13,20260824,HP_pH,Makeup_Flow,-0.04,-0.03666535209795696,-0.083366197551076,4.0,3.0,-1.0,15.0,13.374219452259707,-0.10838536984935287
13,20260824,HP_pH,initial_colored_disturbance,,0.001307857548656628,,,,,,,saved initial state
13,20260824,MP_pH,FW_NH3_PID_SP,0.05,0.0563976894284208,0.12795378856841588,6.0,4.0,-2.0,20.0,19.747440177596907,-0.012627991120154669
13,20260824,MP_pH,COND_NH3_PID_SP,0.012,0.012347534443350827,0.02896120361256882,8.0,7.0,-1.0,22.0,20.369045104456593,-0.07413431343379129
13,20260824,MP_pH,LP_Drum_pH,0.02,0.022109213238427308,0.10546066192136538,3.0,2.0,-1.0,14.0,11.774993256159453,-0.15892905313146766
13,20260824,MP_pH,LP_Drum_Cond,-0.02,-0.01780662021646284,-0.10966898917685808,2.0,3.0,1.0,12.0,12.115227603850236,0.009602300320852963
13,20260824,MP_pH,LP_ECO_pH,0.01,0.011189029732903448,0.11890297329034483,3.0,4.0,1.0,14.0,14.568446379892123,0.04060331284943741
13,20260824,MP_pH,Cond_Flow,-0.02,-0.017207443559433263,-0.1396278220283369,4.0,6.0,2.0,18.0,14.792023122356182,-0.17822093764687874
13,20260824,MP_pH,Makeup_Flow,-0.03,-0.03148896427319553,0.049632142439851146,4.0,4.0,0.0,16.0,13.811288118384507,-0.13679449260096832
13,20260824,MP_pH,initial_colored_disturbance,,0.0019096712499988458,,,,,,,saved initial state
13,20260824,COND_kappa,FW_NH3_PID_SP,-0.006,-0.0067864127090592734,0.13106878484321216,6.0,8.0,2.0,16.0,17.392132955308213,0.08700830970676332
13,20260824,COND_kappa,COND_NH3_PID_SP,-0.08,-0.07008593192654182,-0.12392585091822728,4.0,4.0,0.0,15.0,17.84240815089768,0.18949387672651197
13,20260824,COND_kappa,LP_Drum_pH,0.0,0.0,,2.0,3.0,1.0,8.0,7.312289471826661,-0.08596381602166736
13,20260824,COND_kappa,LP_Drum_Cond,0.004,0.004381455266003913,0.09536381650097825,2.0,2.0,0.0,10.0,10.394647957040847,0.03946479570408479
13,20260824,COND_kappa,LP_ECO_pH,-0.003,-0.0029384235169454347,-0.020525494351521734,2.0,3.0,1.0,10.0,8.900250584753763,-0.10997494152462362
13,20260824,COND_kappa,Cond_Flow,0.06,0.06072155646146558,0.012025941024426334,3.0,4.0,1.0,14.0,13.539617851941406,-0.03288443914704242
13,20260824,COND_kappa,Makeup_Flow,0.08,0.07160535776876013,-0.1049330278904983,3.0,1.0,-2.0,12.0,11.783018344561503,-0.018081804619874742
13,20260824,COND_kappa,initial_colored_disturbance,,-0.004257877884110945,,,,,,,saved initial state
13,20260824,event,Cond_Flow,,,,141.0,30.0,3.0,0.11899051382556358,,step
13,20260824,event,Makeup_Flow,,,,151.0,47.0,4.0,-0.21875817042172102,,step
13,20260824,event,Cond_Flow,,,,173.0,39.0,3.0,-0.14654404867107135,,step
13,20260824,event,unmeasured_colored_disturbance,,,,172.0,45.0,-1.0,0.014518081542089556,,enhanced_colored
14,20260825,HP_pH,FW_NH3_PID_SP,0.06,0.06454267668622543,0.07571127810375722,5.0,6.0,1.0,18.0,16.992944347840147,-0.055947536231102935
14,20260825,HP_pH,COND_NH3_PID_SP,0.015,0.0149983306290534,-0.00011129139643994979,7.0,5.0,-2.0,20.0,18.46896830981506,-0.07655158450924693
14,20260825,HP_pH,LP_Drum_pH,0.03,0.029363645466016733,-0.021211817799442256,3.0,1.0,-2.0,12.0,13.686519233516663,0.14054326945972195
14,20260825,HP_pH,LP_Drum_Cond,-0.025,-0.024620594170631994,-0.015176233174720277,2.0,1.0,-1.0,10.0,9.998093050652368,-0.00019069493476320254
14,20260825,HP_pH,LP_ECO_pH,0.015,0.012914695366155617,-0.1390203089229589,3.0,5.0,2.0,12.0,13.950698878794114,0.16255823989950957
14,20260825,HP_pH,Cond_Flow,-0.03,-0.026519422304927282,-0.11601925650242384,4.0,4.0,0.0,18.0,19.4423867755267,0.08013259864037225
14,20260825,HP_pH,Makeup_Flow,-0.04,-0.04326072542477908,0.08151813561947696,4.0,4.0,0.0,15.0,12.861463028804067,-0.14256913141306216
14,20260825,HP_pH,initial_colored_disturbance,,0.002093235832102956,,,,,,,saved initial state
14,20260825,MP_pH,FW_NH3_PID_SP,0.05,0.056160882100540134,0.12321764201080265,6.0,7.0,1.0,20.0,21.96553292814121,0.09827664640706057
14,20260825,MP_pH,COND_NH3_PID_SP,0.012,0.013404668833587754,0.1170557361323128,8.0,8.0,0.0,22.0,25.27093695991035,0.14867895272319775
14,20260825,MP_pH,LP_Drum_pH,0.02,0.017954451749129064,-0.10227741254354683,3.0,5.0,2.0,14.0,13.935478831833805,-0.004608654869013962
14,20260825,MP_pH,LP_Drum_Cond,-0.02,-0.022743655234729574,0.1371827617364787,2.0,0.0,-2.0,12.0,11.929872392574524,-0.005843967285456331
14,20260825,MP_pH,LP_ECO_pH,0.01,0.008922604259902217,-0.1077395740097783,3.0,2.0,-1.0,14.0,11.904719891777551,-0.14966286487303204
14,20260825,MP_pH,Cond_Flow,-0.02,-0.01990177145206347,-0.004911427396826595,4.0,5.0,1.0,18.0,15.811430602167317,-0.1215871887684824
14,20260825,MP_pH,Makeup_Flow,-0.03,-0.02958767484090623,-0.013744171969792274,4.0,3.0,-1.0,16.0,16.96874233908089,0.06054639619255564
14,20260825,MP_pH,initial_colored_disturbance,,-0.00022776254135593713,,,,,,,saved initial state
14,20260825,COND_kappa,FW_NH3_PID_SP,-0.006,-0.006230090145791153,0.03834835763185884,6.0,5.0,-1.0,16.0,17.11719188657837,0.06982449291114823
14,20260825,COND_kappa,COND_NH3_PID_SP,-0.08,-0.07404790360926182,-0.0744012048842273,4.0,4.0,0.0,15.0,14.186660827850085,-0.054222611476660965
14,20260825,COND_kappa,LP_Drum_pH,0.0,0.0,,2.0,0.0,-2.0,8.0,7.162640856704192,-0.10466989291197604
14,20260825,COND_kappa,LP_Drum_Cond,0.004,0.004322997248747277,0.08074931218681924,2.0,1.0,-1.0,10.0,10.83729045524956,0.08372904552495597
14,20260825,COND_kappa,LP_ECO_pH,-0.003,-0.003248355463569462,0.08278515452315394,2.0,2.0,0.0,10.0,11.905444082751105,0.19054440827511043
14,20260825,COND_kappa,Cond_Flow,0.06,0.05477905520549985,-0.08701574657500244,3.0,3.0,0.0,14.0,16.413194251162395,0.17237101794017096
14,20260825,COND_kappa,Makeup_Flow,0.08,0.07637055987760123,-0.04536800152998466,3.0,1.0,-2.0,12.0,10.771964486682224,-0.10233629277648137
14,20260825,COND_kappa,initial_colored_disturbance,,-0.002079484259751288,,,,,,,saved initial state
14,20260825,event,Cond_Flow,,,,175.0,41.0,3.0,0.10257981977193785,,pulse
14,20260825,event,Makeup_Flow,,,,258.0,41.0,4.0,-0.20610811176606775,,ramp
14,20260825,event,Cond_Flow,,,,276.0,46.0,3.0,-0.08373282227914972,,ramp
14,20260825,event,unmeasured_colored_disturbance,,,,244.0,31.0,-1.0,0.01400933366236781,,enhanced_colored
15,20260826,HP_pH,FW_NH3_PID_SP,0.06,0.053873599136538906,-0.10210668105768483,5.0,5.0,0.0,18.0,17.93472140374274,-0.0036265886809589976
15,20260826,HP_pH,COND_NH3_PID_SP,0.015,0.014506281338117719,-0.03291457745881865,7.0,6.0,-1.0,20.0,18.79067305681263,-0.060466347159368494
15,20260826,HP_pH,LP_Drum_pH,0.03,0.03304398934136309,0.10146631137876971,3.0,4.0,1.0,12.0,13.76223416085146,0.14685284673762156
15,20260826,HP_pH,LP_Drum_Cond,-0.025,-0.025547682179683978,0.021907287187359126,2.0,2.0,0.0,10.0,11.127170537724707,0.11271705377247065
15,20260826,HP_pH,LP_ECO_pH,0.015,0.01356460373952872,-0.09569308403141863,3.0,4.0,1.0,12.0,13.199256082333067,0.09993800686108889
15,20260826,HP_pH,Cond_Flow,-0.03,-0.02658502078223926,-0.11383264059202458,4.0,5.0,1.0,18.0,16.254646053875632,-0.09696410811802048
15,20260826,HP_pH,Makeup_Flow,-0.04,-0.04450895283622708,0.1127238209056769,4.0,4.0,0.0,15.0,16.178152406466126,0.07854349376440828
15,20260826,HP_pH,initial_colored_disturbance,,0.0012851452895323665,,,,,,,saved initial state
15,20260826,MP_pH,FW_NH3_PID_SP,0.05,0.050122871479497504,0.0024574295899499887,6.0,7.0,1.0,20.0,16.700801687379926,-0.16495991563100376
15,20260826,MP_pH,COND_NH3_PID_SP,0.012,0.012429321148396552,0.03577676236637939,8.0,8.0,0.0,22.0,25.56418073144274,0.16200821506557905
15,20260826,MP_pH,LP_Drum_pH,0.02,0.020166647428117895,0.008332371405894712,3.0,5.0,2.0,14.0,16.52284331227276,0.18020309373376842
15,20260826,MP_pH,LP_Drum_Cond,-0.02,-0.017751258329086358,-0.11243708354568216,2.0,4.0,2.0,12.0,12.026756361963328,0.0022296968302772946
15,20260826,MP_pH,LP_ECO_pH,0.01,0.010468748509783085,0.04687485097830857,3.0,2.0,-1.0,14.0,14.861336760409776,0.06152405431498398
15,20260826,MP_pH,Cond_Flow,-0.02,-0.017419238381319403,-0.1290380809340299,4.0,4.0,0.0,18.0,20.387550231349884,0.13264167951943806
15,20260826,MP_pH,Makeup_Flow,-0.03,-0.026572792698730623,-0.11424024337564587,4.0,4.0,0.0,16.0,17.433815768051975,0.08961348550324844
15,20260826,MP_pH,initial_colored_disturbance,,0.0004991338037811611,,,,,,,saved initial state
15,20260826,COND_kappa,FW_NH3_PID_SP,-0.006,-0.0060710309041640325,0.01183848402733867,6.0,6.0,0.0,16.0,14.012938717534507,-0.12419133015409334
15,20260826,COND_kappa,COND_NH3_PID_SP,-0.08,-0.09030178064773874,0.1287722580967341,4.0,5.0,1.0,15.0,15.289595943621379,0.019306396241425272
15,20260826,COND_kappa,LP_Drum_pH,0.0,0.0,,2.0,0.0,-2.0,8.0,8.566215274262087,0.07077690928276081
15,20260826,COND_kappa,LP_Drum_Cond,0.004,0.0038716379599662578,-0.03209051000843555,2.0,0.0,-2.0,10.0,8.28137392704477,-0.17186260729552294
15,20260826,COND_kappa,LP_ECO_pH,-0.003,-0.00321883782706244,0.07294594235414653,2.0,1.0,-1.0,10.0,11.201561451326889,0.12015614513268891
15,20260826,COND_kappa,Cond_Flow,0.06,0.053251546650362275,-0.1124742224939621,3.0,3.0,0.0,14.0,14.216566220071124,0.015469015719365986
15,20260826,COND_kappa,Makeup_Flow,0.08,0.0742251153168876,-0.07218605853890514,3.0,4.0,1.0,12.0,12.84022572088302,0.07001881007358501
15,20260826,COND_kappa,initial_colored_disturbance,,0.004539856458383178,,,,,,,saved initial state
15,20260826,event,Cond_Flow,,,,94.0,52.0,3.0,0.11529305922665696,,step
15,20260826,event,Makeup_Flow,,,,102.0,34.0,4.0,0.2372667081117689,,pulse
15,20260826,event,Cond_Flow,,,,171.0,25.0,3.0,-0.11865987761643304,,step
15,20260826,event,unmeasured_colored_disturbance,,,,150.0,21.0,-1.0,0.015310136852986793,,enhanced_colored
16,20260827,HP_pH,FW_NH3_PID_SP,0.06,0.05768216764887008,-0.038630539185498636,5.0,6.0,1.0,18.0,18.18364095646883,0.010202275359379565
16,20260827,HP_pH,COND_NH3_PID_SP,0.015,0.015748804546377896,0.0499203030918598,7.0,7.0,0.0,20.0,16.43009909737437,-0.17849504513128145
16,20260827,HP_pH,LP_Drum_pH,0.03,0.030296401853096486,0.009880061769882875,3.0,3.0,0.0,12.0,12.749777518430326,0.062481459869193845
16,20260827,HP_pH,LP_Drum_Cond,-0.025,-0.02627874736071567,0.05114989442862683,2.0,4.0,2.0,10.0,10.427450945443692,0.042745094544369255
16,20260827,HP_pH,LP_ECO_pH,0.015,0.015953440738009413,0.06356271586729423,3.0,4.0,1.0,12.0,10.835760631206224,-0.09701994739948139
16,20260827,HP_pH,Cond_Flow,-0.03,-0.03189912210714039,0.06330407023801299,4.0,3.0,-1.0,18.0,14.464014083513867,-0.19644366202700736
16,20260827,HP_pH,Makeup_Flow,-0.04,-0.034923182752730805,-0.1269204311817299,4.0,4.0,0.0,15.0,16.594445387842036,0.106296359189469
16,20260827,HP_pH,initial_colored_disturbance,,-0.0002544069105373811,,,,,,,saved initial state
16,20260827,MP_pH,FW_NH3_PID_SP,0.05,0.051540267782195094,0.030805355643901855,6.0,5.0,-1.0,20.0,20.28445597555819,0.014222798777909329
16,20260827,MP_pH,COND_NH3_PID_SP,0.012,0.010573593185546537,-0.11886723453778858,8.0,7.0,-1.0,22.0,24.014194741773615,0.09155430644425522
16,20260827,MP_pH,LP_Drum_pH,0.02,0.021917497233234575,0.09587486166172865,3.0,4.0,1.0,14.0,11.501715773160115,-0.17844887334570614
16,20260827,MP_pH,LP_Drum_Cond,-0.02,-0.02150019011639369,0.07500950581968446,2.0,4.0,2.0,12.0,14.176265237110616,0.1813554364258847
16,20260827,MP_pH,LP_ECO_pH,0.01,0.008649739746534525,-0.1350260253465475,3.0,3.0,0.0,14.0,12.148426547874216,-0.1322552465804131
16,20260827,MP_pH,Cond_Flow,-0.02,-0.019209944338182534,-0.039502783090873295,4.0,2.0,-2.0,18.0,14.430238912861467,-0.19832006039658512
16,20260827,MP_pH,Makeup_Flow,-0.03,-0.02833377147537724,-0.055540950820758606,4.0,5.0,1.0,16.0,14.058661332422501,-0.12133366672359369
16,20260827,MP_pH,initial_colored_disturbance,,-0.001064693236016201,,,,,,,saved initial state
16,20260827,COND_kappa,FW_NH3_PID_SP,-0.006,-0.005690525852197301,-0.05157902463378328,6.0,6.0,0.0,16.0,14.149304928075548,-0.11566844199527826
16,20260827,COND_kappa,COND_NH3_PID_SP,-0.08,-0.08206199627820226,0.02577495347752823,4.0,2.0,-2.0,15.0,17.73265079675102,0.18217671978340144
16,20260827,COND_kappa,LP_Drum_pH,0.0,0.0,,2.0,1.0,-1.0,8.0,8.34129779046943,0.04266222380867868
16,20260827,COND_kappa,LP_Drum_Cond,0.004,0.004072373792119895,0.018093448029973702,2.0,2.0,0.0,10.0,8.41261597129445,-0.15873840287055496
16,20260827,COND_kappa,LP_ECO_pH,-0.003,-0.002840072832107659,-0.053309055964113616,2.0,1.0,-1.0,10.0,11.60098908235981,0.16009890823598094
16,20260827,COND_kappa,Cond_Flow,0.06,0.057114757448361655,-0.04808737586063905,3.0,1.0,-2.0,14.0,16.005936785200255,0.14328119894287528
16,20260827,COND_kappa,Makeup_Flow,0.08,0.08161484775236709,0.020185596904588543,3.0,4.0,1.0,12.0,11.707229501477684,-0.024397541543526358
16,20260827,COND_kappa,initial_colored_disturbance,,-0.0036759704603686436,,,,,,,saved initial state
16,20260827,event,Cond_Flow,,,,122.0,26.0,3.0,0.09584091292627028,,pulse
16,20260827,event,Makeup_Flow,,,,131.0,26.0,4.0,0.15363496388033643,,step
16,20260827,event,Cond_Flow,,,,231.0,47.0,3.0,-0.08467822172445287,,ramp
16,20260827,event,unmeasured_colored_disturbance,,,,171.0,45.0,-1.0,0.011017052877823267,,enhanced_colored
17,20260828,HP_pH,FW_NH3_PID_SP,0.06,0.0661727284157629,0.10287880692938156,5.0,3.0,-2.0,18.0,18.796154980137786,0.044230832229877004
17,20260828,HP_pH,COND_NH3_PID_SP,0.015,0.01450152326738203,-0.033231782174531266,7.0,6.0,-1.0,20.0,18.859938024515408,-0.0570030987742296
17,20260828,HP_pH,LP_Drum_pH,0.03,0.02974617717649986,-0.008460760783338017,3.0,5.0,2.0,12.0,10.00961610557719,-0.16586532453523406
17,20260828,HP_pH,LP_Drum_Cond,-0.025,-0.022269253521013513,-0.10922985915945949,2.0,3.0,1.0,10.0,10.729945165599677,0.07299451655996769
17,20260828,HP_pH,LP_ECO_pH,0.015,0.016750323016155505,0.11668820107703382,3.0,2.0,-1.0,12.0,13.851911913702617,0.15432599280855142
17,20260828,HP_pH,Cond_Flow,-0.03,-0.029936831647282572,-0.0021056117572475497,4.0,3.0,-1.0,18.0,19.463136274893554,0.08128534860519743
17,20260828,HP_pH,Makeup_Flow,-0.04,-0.04132110825383447,0.03302770634586172,4.0,6.0,2.0,15.0,17.699535724583978,0.17996904830559846
17,20260828,HP_pH,initial_colored_disturbance,,-0.0010102287428685175,,,,,,,saved initial state
17,20260828,MP_pH,FW_NH3_PID_SP,0.05,0.042722383913917236,-0.14555232172165533,6.0,7.0,1.0,20.0,22.416874037892285,0.12084370189461424
17,20260828,MP_pH,COND_NH3_PID_SP,0.012,0.01292084435620374,0.07673702968364493,8.0,8.0,0.0,22.0,22.54429420888795,0.024740645858543298
17,20260828,MP_pH,LP_Drum_pH,0.02,0.019216639343647576,-0.03916803281762116,3.0,4.0,1.0,14.0,14.954793775966532,0.06819955542618095
17,20260828,MP_pH,LP_Drum_Cond,-0.02,-0.018305957775055552,-0.08470211124722238,2.0,1.0,-1.0,12.0,12.210700947593555,0.017558412299462978
17,20260828,MP_pH,LP_ECO_pH,0.01,0.010156982487812518,0.01569824878125181,3.0,1.0,-2.0,14.0,14.093303517295965,0.006664536949711808
17,20260828,MP_pH,Cond_Flow,-0.02,-0.017304077791966882,-0.13479611040165596,4.0,6.0,2.0,18.0,14.73194099985269,-0.18155883334151723
17,20260828,MP_pH,Makeup_Flow,-0.03,-0.026378353317080532,-0.12072155609731561,4.0,5.0,1.0,16.0,18.322180747168847,0.14513629669805295
17,20260828,MP_pH,initial_colored_disturbance,,0.0010529509254584308,,,,,,,saved initial state
17,20260828,COND_kappa,FW_NH3_PID_SP,-0.006,-0.005335609940090989,-0.11073167665150185,6.0,6.0,0.0,16.0,16.247165144203514,0.015447821512719617
17,20260828,COND_kappa,COND_NH3_PID_SP,-0.08,-0.08910485622589528,0.11381070282369099,4.0,4.0,0.0,15.0,13.047784149917458,-0.13014772333883617
17,20260828,COND_kappa,LP_Drum_pH,0.0,0.0,,2.0,2.0,0.0,8.0,6.948485622632988,-0.13143929717087655
17,20260828,COND_kappa,LP_Drum_Cond,0.004,0.0034658836444519804,-0.13352908888700488,2.0,2.0,0.0,10.0,10.580417278671641,0.058041727867164106
17,20260828,COND_kappa,LP_ECO_pH,-0.003,-0.003165197235667485,0.055065745222494966,2.0,4.0,2.0,10.0,11.811723224835635,0.18117232248356352
17,20260828,COND_kappa,Cond_Flow,0.06,0.06407942068330401,0.0679903447217336,3.0,4.0,1.0,14.0,15.678669645784035,0.11990497469885963
17,20260828,COND_kappa,Makeup_Flow,0.08,0.07486285411218631,-0.06421432359767121,3.0,1.0,-2.0,12.0,11.123862019260878,-0.07301149839492682
17,20260828,COND_kappa,initial_colored_disturbance,,0.0018018783720938653,,,,,,,saved initial state
17,20260828,event,Cond_Flow,,,,131.0,41.0,3.0,-0.14350845297639456,,step
17,20260828,event,Makeup_Flow,,,,155.0,38.0,4.0,-0.2302814297082867,,pulse
17,20260828,event,Cond_Flow,,,,168.0,44.0,3.0,-0.13611440461759752,,pulse
17,20260828,event,unmeasured_colored_disturbance,,,,175.0,39.0,-1.0,0.01356209346966562,,enhanced_colored
18,20260829,HP_pH,FW_NH3_PID_SP,0.06,0.06279446215250768,0.046574369208461475,5.0,4.0,-1.0,18.0,21.26266543827337,0.18125919101518728
18,20260829,HP_pH,COND_NH3_PID_SP,0.015,0.014877423819339873,-0.008171745377341777,7.0,7.0,0.0,20.0,20.35917053894245,0.01795852694712252
18,20260829,HP_pH,LP_Drum_pH,0.03,0.029424848748947408,-0.01917170836841975,3.0,4.0,1.0,12.0,13.394504872642543,0.11620873938687848
18,20260829,HP_pH,LP_Drum_Cond,-0.025,-0.026987256479925316,0.07949025919701258,2.0,3.0,1.0,10.0,10.667025550564022,0.06670255505640221
18,20260829,HP_pH,LP_ECO_pH,0.015,0.01587036162750563,0.058024108500375426,3.0,3.0,0.0,12.0,13.200505099286472,0.10004209160720601
18,20260829,HP_pH,Cond_Flow,-0.03,-0.02914297258982712,-0.0285675803390959,4.0,3.0,-1.0,18.0,20.332186834622213,0.12956593525678972
18,20260829,HP_pH,Makeup_Flow,-0.04,-0.044249423461228246,0.10623558653070608,4.0,6.0,2.0,15.0,15.759690310309981,0.05064602068733204
18,20260829,HP_pH,initial_colored_disturbance,,0.002039214925413557,,,,,,,saved initial state
18,20260829,MP_pH,FW_NH3_PID_SP,0.05,0.05644308343703247,0.12886166874064942,6.0,6.0,0.0,20.0,18.17075230330716,-0.09146238483464197
18,20260829,MP_pH,COND_NH3_PID_SP,0.012,0.011707958591058458,-0.02433678407846185,8.0,9.0,1.0,22.0,26.24894483159295,0.19313385598149768
18,20260829,MP_pH,LP_Drum_pH,0.02,0.022493551324231104,0.12467756621155512,3.0,3.0,0.0,14.0,16.227871179144437,0.15913365565317394
18,20260829,MP_pH,LP_Drum_Cond,-0.02,-0.017506838531261885,-0.12465807343690571,2.0,2.0,0.0,12.0,9.911727794792732,-0.17402268376727237
18,20260829,MP_pH,LP_ECO_pH,0.01,0.01091746098093002,0.09174609809300205,3.0,1.0,-2.0,14.0,15.81208540129861,0.12943467152132926
18,20260829,MP_pH,Cond_Flow,-0.02,-0.01874163308709579,-0.0629183456452106,4.0,6.0,2.0,18.0,17.558701876592984,-0.02451656241150091
18,20260829,MP_pH,Makeup_Flow,-0.03,-0.032791822828138306,0.09306076093794369,4.0,5.0,1.0,16.0,13.464108901972155,-0.1584931936267403
18,20260829,MP_pH,initial_colored_disturbance,,-0.0031433821607229264,,,,,,,saved initial state
18,20260829,COND_kappa,FW_NH3_PID_SP,-0.006,-0.0053529051165292114,-0.1078491472451314,6.0,5.0,-1.0,16.0,12.923347700145605,-0.19229076874089968
18,20260829,COND_kappa,COND_NH3_PID_SP,-0.08,-0.07601857337938431,-0.04976783275769614,4.0,6.0,2.0,15.0,15.936138899128656,0.06240925994191038
18,20260829,COND_kappa,LP_Drum_pH,0.0,0.0,,2.0,2.0,0.0,8.0,7.775433266068295,-0.028070841741463126
18,20260829,COND_kappa,LP_Drum_Cond,0.004,0.004034149311712909,0.008537327928227256,2.0,2.0,0.0,10.0,9.923828151298288,-0.007617184870171156
18,20260829,COND_kappa,LP_ECO_pH,-0.003,-0.0032924442460495525,0.09748141534985089,2.0,1.0,-1.0,10.0,9.937996792172061,-0.006200320782793867
18,20260829,COND_kappa,Cond_Flow,0.06,0.05673970068287966,-0.05433832195200561,3.0,1.0,-2.0,14.0,11.527811710336884,-0.17658487783307975
18,20260829,COND_kappa,Makeup_Flow,0.08,0.07966904835606198,-0.00413689554922525,3.0,3.0,0.0,12.0,12.675481791714107,0.05629014930950893
18,20260829,COND_kappa,initial_colored_disturbance,,0.0007732342041184551,,,,,,,saved initial state
18,20260829,event,Cond_Flow,,,,111.0,39.0,3.0,-0.09293805660639201,,step
18,20260829,event,Makeup_Flow,,,,139.0,37.0,4.0,-0.16569003620205414,,step
18,20260829,event,Cond_Flow,,,,165.0,50.0,3.0,0.14645097554789988,,pulse
18,20260829,event,unmeasured_colored_disturbance,,,,174.0,24.0,-1.0,0.012901401649199565,,enhanced_colored
19,20260830,HP_pH,FW_NH3_PID_SP,0.06,0.05392901941016977,-0.10118300983050388,5.0,6.0,1.0,18.0,15.825270684683053,-0.1208182952953859
19,20260830,HP_pH,COND_NH3_PID_SP,0.015,0.014876192440712446,-0.008253837285836951,7.0,7.0,0.0,20.0,19.579286024254266,-0.021035698787286727
19,20260830,HP_pH,LP_Drum_pH,0.03,0.028629819561728758,-0.045672681275708005,3.0,2.0,-1.0,12.0,11.789337608299936,-0.017555199308338598
19,20260830,HP_pH,LP_Drum_Cond,-0.025,-0.0268834915082063,0.0753396603282519,2.0,3.0,1.0,10.0,9.147916593403354,-0.08520834065966465
19,20260830,HP_pH,LP_ECO_pH,0.015,0.013469904037475463,-0.10200639750163576,3.0,1.0,-2.0,12.0,14.215132983050879,0.1845944152542398
19,20260830,HP_pH,Cond_Flow,-0.03,-0.02870325458389382,-0.04322484720353936,4.0,4.0,0.0,18.0,14.778820004622842,-0.17895444418761985
19,20260830,HP_pH,Makeup_Flow,-0.04,-0.042684599139406504,0.06711497848516257,4.0,2.0,-2.0,15.0,15.84218781079964,0.056145854053309296
19,20260830,HP_pH,initial_colored_disturbance,,-1.6544110234114063e-05,,,,,,,saved initial state
19,20260830,MP_pH,FW_NH3_PID_SP,0.05,0.049129593800060885,-0.017408123998782332,6.0,7.0,1.0,20.0,22.543943474326017,0.1271971737163009
19,20260830,MP_pH,COND_NH3_PID_SP,0.012,0.011589412757278438,-0.0342156035601302,8.0,8.0,0.0,22.0,24.509798325374252,0.11408174206246602
19,20260830,MP_pH,LP_Drum_pH,0.02,0.01985785363115093,-0.007107318442453603,3.0,2.0,-1.0,14.0,15.766501485360564,0.1261786775257545
19,20260830,MP_pH,LP_Drum_Cond,-0.02,-0.022368445512152148,0.11842227560760743,2.0,2.0,0.0,12.0,13.593860043734002,0.13282167031116687
19,20260830,MP_pH,LP_ECO_pH,0.01,0.009188189650163965,-0.08118103498360352,3.0,2.0,-1.0,14.0,12.083329614137437,-0.1369050275616116
19,20260830,MP_pH,Cond_Flow,-0.02,-0.018501531267531186,-0.0749234366234407,4.0,2.0,-2.0,18.0,19.359880615478335,0.07554892308212979
19,20260830,MP_pH,Makeup_Flow,-0.03,-0.02752109576252927,-0.08263014124902424,4.0,4.0,0.0,16.0,13.403004435968292,-0.16231222275198176
19,20260830,MP_pH,initial_colored_disturbance,,0.0048717969069684165,,,,,,,saved initial state
19,20260830,COND_kappa,FW_NH3_PID_SP,-0.006,-0.006002428458474646,0.00040474307910765006,6.0,5.0,-1.0,16.0,18.201270524693545,0.13757940779334654
19,20260830,COND_kappa,COND_NH3_PID_SP,-0.08,-0.07834852213007577,-0.020643473374052812,4.0,2.0,-2.0,15.0,15.127825445071855,0.008521696338123608
19,20260830,COND_kappa,LP_Drum_pH,0.0,0.0,,2.0,4.0,2.0,8.0,7.6313046920733205,-0.046086913490834935
19,20260830,COND_kappa,LP_Drum_Cond,0.004,0.004411747383252807,0.10293684581320162,2.0,4.0,2.0,10.0,11.406961159326851,0.14069611593268516
19,20260830,COND_kappa,LP_ECO_pH,-0.003,-0.002701228089871322,-0.09959063670955925,2.0,3.0,1.0,10.0,8.889996857002517,-0.11100031429974833
19,20260830,COND_kappa,Cond_Flow,0.06,0.05405513265932512,-0.09908112234458133,3.0,1.0,-2.0,14.0,13.30907244960642,-0.049351967885255754
19,20260830,COND_kappa,Makeup_Flow,0.08,0.08579439998599614,0.0724299998249518,3.0,5.0,2.0,12.0,11.616730470595504,-0.03193912745037464
19,20260830,COND_kappa,initial_colored_disturbance,,0.004578516867253136,,,,,,,saved initial state
19,20260830,event,Cond_Flow,,,,169.0,49.0,3.0,-0.1251562222751364,,step
19,20260830,event,Makeup_Flow,,,,196.0,32.0,4.0,0.18786806424586577,,pulse
19,20260830,event,Cond_Flow,,,,247.0,37.0,3.0,-0.09116784456491411,,step
19,20260830,event,unmeasured_colored_disturbance,,,,297.0,24.0,-1.0,0.014138472943635176,,enhanced_colored
20,20260831,HP_pH,FW_NH3_PID_SP,0.06,0.053915191910738396,-0.10141346815436003,5.0,4.0,-1.0,18.0,20.632037974786094,0.14622433193256068
20,20260831,HP_pH,COND_NH3_PID_SP,0.015,0.01564584468679797,0.04305631245319819,7.0,8.0,1.0,20.0,18.988903387677993,-0.05055483061610033
20,20260831,HP_pH,LP_Drum_pH,0.03,0.03366331506478351,0.12211050215945041,3.0,5.0,2.0,12.0,12.412717263968855,0.034393105330737805
20,20260831,HP_pH,LP_Drum_Cond,-0.025,-0.02762089866128327,0.10483594645133065,2.0,4.0,2.0,10.0,9.640189721798803,-0.03598102782011969
20,20260831,HP_pH,LP_ECO_pH,0.015,0.014995495150711871,-0.00030032328587525914,3.0,3.0,0.0,12.0,12.734040387172643,0.06117003226438689
20,20260831,HP_pH,Cond_Flow,-0.03,-0.034353654727093785,0.14512182423645958,4.0,4.0,0.0,18.0,15.21947319692843,-0.1544737112817539
20,20260831,HP_pH,Makeup_Flow,-0.04,-0.04257795531198177,0.0644488827995442,4.0,5.0,1.0,15.0,15.425863701110435,0.028390913407362328
20,20260831,HP_pH,initial_colored_disturbance,,-0.00022573338578695969,,,,,,,saved initial state
20,20260831,MP_pH,FW_NH3_PID_SP,0.05,0.05175846342389561,0.03516926847791213,6.0,6.0,0.0,20.0,20.202902228811368,0.0101451114405684
20,20260831,MP_pH,COND_NH3_PID_SP,0.012,0.011443568626426558,-0.046369281131120266,8.0,6.0,-2.0,22.0,18.56885781347729,-0.15596100847830496
20,20260831,MP_pH,LP_Drum_pH,0.02,0.019463473092392786,-0.02682634538036066,3.0,2.0,-1.0,14.0,11.263662955354645,-0.1954526460460968
20,20260831,MP_pH,LP_Drum_Cond,-0.02,-0.02057096717915025,0.0285483589575124,2.0,2.0,0.0,12.0,12.616709870751057,0.05139248922925477
20,20260831,MP_pH,LP_ECO_pH,0.01,0.009447829620925033,-0.05521703790749666,3.0,1.0,-2.0,14.0,13.192001379064987,-0.05771418720964383
20,20260831,MP_pH,Cond_Flow,-0.02,-0.02292855056225259,0.1464275281126295,4.0,6.0,2.0,18.0,19.632599443067086,0.09069996905928246
20,20260831,MP_pH,Makeup_Flow,-0.03,-0.026148916087246593,-0.12836946375844682,4.0,4.0,0.0,16.0,13.023350639338783,-0.18604058504132603
20,20260831,MP_pH,initial_colored_disturbance,,-0.003219101083025206,,,,,,,saved initial state
20,20260831,COND_kappa,FW_NH3_PID_SP,-0.006,-0.006794098043326053,0.1323496738876755,6.0,7.0,1.0,16.0,15.879150375537394,-0.0075531015289128645
20,20260831,COND_kappa,COND_NH3_PID_SP,-0.08,-0.07581642738139649,-0.05229465773254394,4.0,2.0,-2.0,15.0,14.602097731272625,-0.02652681791515832
20,20260831,COND_kappa,LP_Drum_pH,0.0,0.0,,2.0,3.0,1.0,8.0,9.070170478873814,0.1337713098592268
20,20260831,COND_kappa,LP_Drum_Cond,0.004,0.0038474391876418346,-0.03814020308954136,2.0,0.0,-2.0,10.0,10.713480477948512,0.07134804779485115
20,20260831,COND_kappa,LP_ECO_pH,-0.003,-0.0027989807639859318,-0.06700641200468938,2.0,2.0,0.0,10.0,10.857359896348262,0.0857359896348262
20,20260831,COND_kappa,Cond_Flow,0.06,0.05359178814254701,-0.1068035309575498,3.0,3.0,0.0,14.0,15.407654418249816,0.10054674416070108
20,20260831,COND_kappa,Makeup_Flow,0.08,0.08527773779287458,0.06597172241093219,3.0,1.0,-2.0,12.0,13.167366523564592,0.09728054363038274
20,20260831,COND_kappa,initial_colored_disturbance,,-0.0029069896739055538,,,,,,,saved initial state
20,20260831,event,Cond_Flow,,,,99.0,46.0,3.0,0.11143606614625774,,pulse
20,20260831,event,Makeup_Flow,,,,211.0,31.0,4.0,0.20610770704072162,,ramp
20,20260831,event,Cond_Flow,,,,310.0,41.0,3.0,0.10826557263429083,,pulse
20,20260831,event,unmeasured_colored_disturbance,,,,216.0,48.0,-1.0,0.00846589697020498,,enhanced_colored
21,20260832,HP_pH,FW_NH3_PID_SP,0.06,0.060320546263176095,0.005342437719601634,5.0,7.0,2.0,18.0,16.03746100091636,-0.10902994439353564
21,20260832,HP_pH,COND_NH3_PID_SP,0.015,0.015225965503230326,0.01506436688202184,7.0,8.0,1.0,20.0,19.782860797717305,-0.010856960114134728
21,20260832,HP_pH,LP_Drum_pH,0.03,0.027652786024731212,-0.07824046584229294,3.0,3.0,0.0,12.0,14.085092805098995,0.17375773375824966
21,20260832,HP_pH,LP_Drum_Cond,-0.025,-0.02285252898740156,-0.08589884050393759,2.0,3.0,1.0,10.0,10.393208695550378,0.039320869555037774
21,20260832,HP_pH,LP_ECO_pH,0.015,0.015248025660278155,0.016535044018543665,3.0,4.0,1.0,12.0,13.296635651623323,0.10805297096861022
21,20260832,HP_pH,Cond_Flow,-0.03,-0.030134264088013077,0.004475469600435877,4.0,5.0,1.0,18.0,20.369881208135443,0.13166006711863565
21,20260832,HP_pH,Makeup_Flow,-0.04,-0.03509673280992811,-0.12258167975179723,4.0,5.0,1.0,15.0,12.655371719317895,-0.15630855204547367
21,20260832,HP_pH,initial_colored_disturbance,,0.0015589407185989037,,,,,,,saved initial state
21,20260832,MP_pH,FW_NH3_PID_SP,0.05,0.051685794374830785,0.03371588749661569,6.0,7.0,1.0,20.0,16.36835312802304,-0.18158234359884806
21,20260832,MP_pH,COND_NH3_PID_SP,0.012,0.013528704940749859,0.12739207839582156,8.0,10.0,2.0,22.0,24.40331851274758,0.10924175057943541
21,20260832,MP_pH,LP_Drum_pH,0.02,0.019008100001618396,-0.04959499991908023,3.0,2.0,-1.0,14.0,13.381674530632147,-0.04416610495484663
21,20260832,MP_pH,LP_Drum_Cond,-0.02,-0.019628476084740627,-0.01857619576296865,2.0,2.0,0.0,12.0,13.250333997763887,0.10419449981365725
21,20260832,MP_pH,LP_ECO_pH,0.01,0.008868831034526119,-0.1131168965473881,3.0,5.0,2.0,14.0,13.407494195822181,-0.042321843155558425
21,20260832,MP_pH,Cond_Flow,-0.02,-0.019543248556201823,-0.022837572189908895,4.0,3.0,-1.0,18.0,16.083930423664835,-0.10644830979639808
21,20260832,MP_pH,Makeup_Flow,-0.03,-0.028982073188320207,-0.03393089372265967,4.0,6.0,2.0,16.0,16.139858351269606,0.008741146954350354
21,20260832,MP_pH,initial_colored_disturbance,,0.002412760908701351,,,,,,,saved initial state
21,20260832,COND_kappa,FW_NH3_PID_SP,-0.006,-0.006498039940153702,0.08300665669228358,6.0,8.0,2.0,16.0,18.216238364827316,0.13851489780170723
21,20260832,COND_kappa,COND_NH3_PID_SP,-0.08,-0.07533878576572801,-0.0582651779283998,4.0,2.0,-2.0,15.0,17.112514043477432,0.1408342695651621
21,20260832,COND_kappa,LP_Drum_pH,0.0,0.0,,2.0,3.0,1.0,8.0,6.69234585426012,-0.163456768217485
21,20260832,COND_kappa,LP_Drum_Cond,0.004,0.0034597887795694967,-0.13505280510762585,2.0,1.0,-1.0,10.0,11.39953570329216,0.13995357032921607
21,20260832,COND_kappa,LP_ECO_pH,-0.003,-0.0028496752009798654,-0.05010826634004484,2.0,0.0,-2.0,10.0,11.573319616804332,0.15733196168043317
21,20260832,COND_kappa,Cond_Flow,0.06,0.06060647262574262,0.010107877095710371,3.0,1.0,-2.0,14.0,13.11275459018163,-0.06337467212988357
21,20260832,COND_kappa,Makeup_Flow,0.08,0.07794010052116782,-0.025748743485402348,3.0,3.0,0.0,12.0,11.336229380523239,-0.055314218289730044
21,20260832,COND_kappa,initial_colored_disturbance,,-0.00992409837544657,,,,,,,saved initial state
21,20260832,event,Cond_Flow,,,,105.0,28.0,3.0,0.13028209905019983,,ramp
21,20260832,event,Makeup_Flow,,,,177.0,32.0,4.0,0.2179093706242834,,pulse
21,20260832,event,Cond_Flow,,,,207.0,25.0,3.0,-0.10234081114558889,,ramp
21,20260832,event,unmeasured_colored_disturbance,,,,210.0,37.0,-1.0,0.008558118995901602,,enhanced_colored
22,20260833,HP_pH,FW_NH3_PID_SP,0.06,0.057163517864442355,-0.04727470225929409,5.0,5.0,0.0,18.0,16.978298167621904,-0.05676121290989422
22,20260833,HP_pH,COND_NH3_PID_SP,0.015,0.01696087474697758,0.1307249831318389,7.0,5.0,-2.0,20.0,22.71353681875429,0.13567684093771448
22,20260833,HP_pH,LP_Drum_pH,0.03,0.028613950326097228,-0.046201655796759056,3.0,5.0,2.0,12.0,11.812370727501893,-0.01563577270817562
22,20260833,HP_pH,LP_Drum_Cond,-0.025,-0.024384492755701533,-0.024620289771938753,2.0,3.0,1.0,10.0,11.058076025737648,0.10580760257376487
22,20260833,HP_pH,LP_ECO_pH,0.015,0.014911171495871286,-0.005921900275247527,3.0,1.0,-2.0,12.0,10.333967858585947,-0.13883601178450444
22,20260833,HP_pH,Cond_Flow,-0.03,-0.02558300327132536,-0.14723322428915464,4.0,6.0,2.0,18.0,16.05030342184705,-0.10831647656405274
22,20260833,HP_pH,Makeup_Flow,-0.04,-0.03671542196814714,-0.08211445079632163,4.0,6.0,2.0,15.0,15.948835341777842,0.06325568945185611
22,20260833,HP_pH,initial_colored_disturbance,,0.0003495821152143388,,,,,,,saved initial state
22,20260833,MP_pH,FW_NH3_PID_SP,0.05,0.04449048212440241,-0.11019035751195183,6.0,5.0,-1.0,20.0,17.71760017132725,-0.1141199914336376
22,20260833,MP_pH,COND_NH3_PID_SP,0.012,0.011871023758327331,-0.010748020139389136,8.0,8.0,0.0,22.0,24.738008672730906,0.12445493966958665
22,20260833,MP_pH,LP_Drum_pH,0.02,0.020056058288429934,0.002802914421496716,3.0,2.0,-1.0,14.0,15.717141670989246,0.1226529764992319
22,20260833,MP_pH,LP_Drum_Cond,-0.02,-0.02228529150250233,0.11426457512511656,2.0,4.0,2.0,12.0,13.657333359866296,0.13811111332219128
22,20260833,MP_pH,LP_ECO_pH,0.01,0.008671099680057411,-0.13289003199425886,3.0,4.0,1.0,14.0,12.73744775831827,-0.09018230297726648
22,20260833,MP_pH,Cond_Flow,-0.02,-0.018861634229413834,-0.05691828852930836,4.0,3.0,-1.0,18.0,21.153942854615583,0.17521904747864347
22,20260833,MP_pH,Makeup_Flow,-0.03,-0.030509703869215594,0.016990128973853214,4.0,2.0,-2.0,16.0,13.917688580998703,-0.13014446368758104
22,20260833,MP_pH,initial_colored_disturbance,,-0.0023146881818848636,,,,,,,saved initial state
22,20260833,COND_kappa,FW_NH3_PID_SP,-0.006,-0.006021915455640624,0.0036525759401040414,6.0,8.0,2.0,16.0,13.72189089217857,-0.1423818192388394
22,20260833,COND_kappa,COND_NH3_PID_SP,-0.08,-0.08086071787224801,0.01075897340310017,4.0,6.0,2.0,15.0,17.88490724925563,0.19232714995037536
22,20260833,COND_kappa,LP_Drum_pH,0.0,0.0,,2.0,4.0,2.0,8.0,9.487614894489296,0.18595186181116197
22,20260833,COND_kappa,LP_Drum_Cond,0.004,0.004419665172991871,0.10491629324796792,2.0,1.0,-1.0,10.0,8.295006597040583,-0.17049934029594171
22,20260833,COND_kappa,LP_ECO_pH,-0.003,-0.0028967232551482007,-0.0344255816172665,2.0,2.0,0.0,10.0,10.165458202066374,0.016545820206637307
22,20260833,COND_kappa,Cond_Flow,0.06,0.05183027697807431,-0.13616205036542817,3.0,2.0,-1.0,14.0,14.074492966864433,0.005320926204602339
22,20260833,COND_kappa,Makeup_Flow,0.08,0.07346326930500076,-0.08170913368749055,3.0,4.0,1.0,12.0,10.431696250153209,-0.1306919791538993
22,20260833,COND_kappa,initial_colored_disturbance,,-0.0024627311263160476,,,,,,,saved initial state
22,20260833,event,Cond_Flow,,,,119.0,35.0,3.0,0.11367123829457187,,step
22,20260833,event,Makeup_Flow,,,,236.0,40.0,4.0,-0.15642080000834194,,pulse
22,20260833,event,Cond_Flow,,,,308.0,34.0,3.0,-0.10700768032626197,,ramp
22,20260833,event,unmeasured_colored_disturbance,,,,159.0,20.0,-1.0,0.010863498190046887,,enhanced_colored
23,20260834,HP_pH,FW_NH3_PID_SP,0.06,0.05499640522039484,-0.0833932463267526,5.0,7.0,2.0,18.0,19.90557379597937,0.10586521088774292
23,20260834,HP_pH,COND_NH3_PID_SP,0.015,0.01383741492175221,-0.07750567188318591,7.0,7.0,0.0,20.0,22.801783055466416,0.1400891527733208
23,20260834,HP_pH,LP_Drum_pH,0.03,0.028583709178135644,-0.04720969406214515,3.0,5.0,2.0,12.0,13.030668298788957,0.08588902489907979
23,20260834,HP_pH,LP_Drum_Cond,-0.025,-0.02147053838775538,-0.14117846448978477,2.0,4.0,2.0,10.0,8.461961880330872,-0.15380381196691284
23,20260834,HP_pH,LP_ECO_pH,0.015,0.013522258565948266,-0.09851609560344887,3.0,5.0,2.0,12.0,10.513615859059147,-0.12386534507840441
23,20260834,HP_pH,Cond_Flow,-0.03,-0.025571883230830438,-0.14760389230565207,4.0,5.0,1.0,18.0,14.922936704853088,-0.1709479608414951
23,20260834,HP_pH,Makeup_Flow,-0.04,-0.04100948366531289,0.025237091632822173,4.0,3.0,-1.0,15.0,17.953256676314016,0.1968837784209343
23,20260834,HP_pH,initial_colored_disturbance,,0.004666132115527377,,,,,,,saved initial state
23,20260834,MP_pH,FW_NH3_PID_SP,0.05,0.04856160978285606,-0.028767804342878733,6.0,6.0,0.0,20.0,18.294443721024994,-0.08527781394875034
23,20260834,MP_pH,COND_NH3_PID_SP,0.012,0.010456816242863187,-0.12859864642806773,8.0,6.0,-2.0,22.0,25.16976524493022,0.144080238405919
23,20260834,MP_pH,LP_Drum_pH,0.02,0.022072755579694507,0.10363777898472537,3.0,3.0,0.0,14.0,14.658775079323497,0.04705536280882128
23,20260834,MP_pH,LP_Drum_Cond,-0.02,-0.02223937626996901,0.11196881349845045,2.0,4.0,2.0,12.0,12.050230264533726,0.004185855377810466
23,20260834,MP_pH,LP_ECO_pH,0.01,0.010350428859091416,0.03504288590914162,3.0,3.0,0.0,14.0,11.496560363420318,-0.17881711689854873
23,20260834,MP_pH,Cond_Flow,-0.02,-0.01896286156849083,-0.051856921575458625,4.0,6.0,2.0,18.0,15.365229502466875,-0.1463761387518403
23,20260834,MP_pH,Makeup_Flow,-0.03,-0.028813098814481207,-0.03956337285062639,4.0,6.0,2.0,16.0,19.077370984461485,0.1923356865288428
23,20260834,MP_pH,initial_colored_disturbance,,0.005554646969748386,,,,,,,saved initial state
23,20260834,COND_kappa,FW_NH3_PID_SP,-0.006,-0.006538365022613692,0.08972750376894867,6.0,6.0,0.0,16.0,18.815695006860786,0.1759809379287991
23,20260834,COND_kappa,COND_NH3_PID_SP,-0.08,-0.07431028781131487,-0.07112140235856423,4.0,6.0,2.0,15.0,12.774319553595776,-0.14837869642694834
23,20260834,COND_kappa,LP_Drum_pH,0.0,0.0,,2.0,1.0,-1.0,8.0,7.656123781006107,-0.042984527374236636
23,20260834,COND_kappa,LP_Drum_Cond,0.004,0.004274604571512531,0.0686511428781329,2.0,3.0,1.0,10.0,11.693430341510895,0.16934303415108953
23,20260834,COND_kappa,LP_ECO_pH,-0.003,-0.002878407123536997,-0.040530958821000995,2.0,1.0,-1.0,10.0,9.51522523082571,-0.048477476917428985
23,20260834,COND_kappa,Cond_Flow,0.06,0.06878820591399343,0.14647009856655724,3.0,3.0,0.0,14.0,16.418556661804413,0.1727540472717437
23,20260834,COND_kappa,Makeup_Flow,0.08,0.07039266010482355,-0.12009174868970562,3.0,4.0,1.0,12.0,14.218606001442513,0.18488383345354276
23,20260834,COND_kappa,initial_colored_disturbance,,0.0016105491401587392,,,,,,,saved initial state
23,20260834,event,Cond_Flow,,,,78.0,41.0,3.0,0.09704225967929037,,step
23,20260834,event,Makeup_Flow,,,,134.0,49.0,4.0,0.1738255473842075,,step
23,20260834,event,Cond_Flow,,,,165.0,45.0,3.0,-0.14271502506695066,,pulse
23,20260834,event,unmeasured_colored_disturbance,,,,181.0,36.0,-1.0,0.011862419979997835,,enhanced_colored
24,20260835,HP_pH,FW_NH3_PID_SP,0.06,0.06288521422836836,0.048086903806139336,5.0,4.0,-1.0,18.0,17.827963879725765,-0.009557562237457518
24,20260835,HP_pH,COND_NH3_PID_SP,0.015,0.015174054517932075,0.011603634528805085,7.0,9.0,2.0,20.0,21.5178879133805,0.075894395669025
24,20260835,HP_pH,LP_Drum_pH,0.03,0.03265795750908039,0.08859858363601303,3.0,5.0,2.0,12.0,13.147503624525637,0.09562530204380315
24,20260835,HP_pH,LP_Drum_Cond,-0.025,-0.024899312110133937,-0.004027515594642539,2.0,0.0,-2.0,10.0,11.977146780525928,0.19771467805259269
24,20260835,HP_pH,LP_ECO_pH,0.015,0.013047699843749946,-0.13015334375000354,3.0,3.0,0.0,12.0,13.035669509369567,0.08630579244746395
24,20260835,HP_pH,Cond_Flow,-0.03,-0.02621708012515877,-0.12609732916137428,4.0,4.0,0.0,18.0,18.02205313480314,0.001225174155730091
24,20260835,HP_pH,Makeup_Flow,-0.04,-0.03938267553439838,-0.015433111640040575,4.0,2.0,-2.0,15.0,15.952673809845688,0.06351158732304585
24,20260835,HP_pH,initial_colored_disturbance,,-0.0014639119213107473,,,,,,,saved initial state
24,20260835,MP_pH,FW_NH3_PID_SP,0.05,0.04446059032641366,-0.11078819347172686,6.0,7.0,1.0,20.0,22.114457016946844,0.10572285084734223
24,20260835,MP_pH,COND_NH3_PID_SP,0.012,0.012774973606599287,0.0645811338832738,8.0,10.0,2.0,22.0,22.58191281324115,0.02645058242005227
24,20260835,MP_pH,LP_Drum_pH,0.02,0.021115175002754095,0.055758750137704816,3.0,4.0,1.0,14.0,11.389899711052747,-0.1864357349248038
24,20260835,MP_pH,LP_Drum_Cond,-0.02,-0.01840781232634364,-0.07960938368281811,2.0,3.0,1.0,12.0,12.160018221691493,0.013334851807624393
24,20260835,MP_pH,LP_ECO_pH,0.01,0.009474202236604322,-0.052579776339567785,3.0,5.0,2.0,14.0,15.218668869416554,0.08704777638689665
24,20260835,MP_pH,Cond_Flow,-0.02,-0.018976019042008227,-0.05119904789958862,4.0,4.0,0.0,18.0,20.36481455815902,0.13137858656438994
24,20260835,MP_pH,Makeup_Flow,-0.03,-0.027933003509733094,-0.06889988300889682,4.0,3.0,-1.0,16.0,15.0357907361267,-0.060263078992081276
24,20260835,MP_pH,initial_colored_disturbance,,0.0015189539372583835,,,,,,,saved initial state
24,20260835,COND_kappa,FW_NH3_PID_SP,-0.006,-0.006001355288688801,0.00022588144813351363,6.0,5.0,-1.0,16.0,13.53462269453144,-0.15408608159178505
24,20260835,COND_kappa,COND_NH3_PID_SP,-0.08,-0.08547826461117267,0.06847830763965823,4.0,3.0,-1.0,15.0,15.522186995130626,0.034812466342041715
24,20260835,COND_kappa,LP_Drum_pH,0.0,0.0,,2.0,4.0,2.0,8.0,8.066604493679664,0.008325561709958018
24,20260835,COND_kappa,LP_Drum_Cond,0.004,0.0038640561549214704,-0.03398596126963238,2.0,4.0,2.0,10.0,9.67744500812064,-0.03225549918793591
24,20260835,COND_kappa,LP_ECO_pH,-0.003,-0.0028486842763200963,-0.05043857455996792,2.0,2.0,0.0,10.0,10.007981071692596,0.0007981071692595432
24,20260835,COND_kappa,Cond_Flow,0.06,0.05976974486549394,-0.0038375855751009436,3.0,1.0,-2.0,14.0,14.74649444405868,0.05332103171847713
24,20260835,COND_kappa,Makeup_Flow,0.08,0.0803264188756279,0.004080235945348676,3.0,5.0,2.0,12.0,11.864180948349965,-0.01131825430416955
24,20260835,COND_kappa,initial_colored_disturbance,,-0.006383241701730546,,,,,,,saved initial state
24,20260835,event,Cond_Flow,,,,149.0,46.0,3.0,0.13942471937798995,,ramp
24,20260835,event,Makeup_Flow,,,,201.0,38.0,4.0,-0.17904173895690562,,ramp
24,20260835,event,Cond_Flow,,,,274.0,26.0,3.0,0.08418944644469024,,pulse
24,20260835,event,unmeasured_colored_disturbance,,,,244.0,41.0,-1.0,0.012500015508805152,,enhanced_colored
25,20260836,HP_pH,FW_NH3_PID_SP,0.06,0.06800390913160873,0.13339848552681222,5.0,6.0,1.0,18.0,20.332721679546427,0.12959564886369046
25,20260836,HP_pH,COND_NH3_PID_SP,0.015,0.016582934164279778,0.10552894428531867,7.0,9.0,2.0,20.0,19.0476716749225,-0.047616416253874916
25,20260836,HP_pH,LP_Drum_pH,0.03,0.026784308346440792,-0.10718972178530684,3.0,4.0,1.0,12.0,10.844329389459125,-0.09630588421173958
25,20260836,HP_pH,LP_Drum_Cond,-0.025,-0.02838067104341867,0.13522684173674682,2.0,4.0,2.0,10.0,11.558396761474421,0.1558396761474421
25,20260836,HP_pH,LP_ECO_pH,0.015,0.01603544621933034,0.0690297479553561,3.0,4.0,1.0,12.0,11.333411915378306,-0.055549007051807764
25,20260836,HP_pH,Cond_Flow,-0.03,-0.0332835789585088,0.10945263195029331,4.0,3.0,-1.0,18.0,16.11973128992421,-0.10445937278198825
25,20260836,HP_pH,Makeup_Flow,-0.04,-0.03981456550588153,-0.0046358623529618725,4.0,4.0,0.0,15.0,16.2457721304688,0.08305147536458679
25,20260836,HP_pH,initial_colored_disturbance,,-0.0016011000006320808,,,,,,,saved initial state
25,20260836,MP_pH,FW_NH3_PID_SP,0.05,0.057145318772913206,0.142906375458264,6.0,4.0,-2.0,20.0,20.517892651689728,0.025894632584486432
25,20260836,MP_pH,COND_NH3_PID_SP,0.012,0.01345069144591362,0.1208909538261349,8.0,9.0,1.0,22.0,23.322479631196686,0.06011271050894029
25,20260836,MP_pH,LP_Drum_pH,0.02,0.021992758305396997,0.09963791526984989,3.0,4.0,1.0,14.0,13.007428775991473,-0.07089794457203769
25,20260836,MP_pH,LP_Drum_Cond,-0.02,-0.02040066500638587,0.020033250319293483,2.0,3.0,1.0,12.0,14.339250410758819,0.19493753422990157
25,20260836,MP_pH,LP_ECO_pH,0.01,0.008741199006241832,-0.1258800993758169,3.0,2.0,-1.0,14.0,14.444717438746064,0.031765531339004616
25,20260836,MP_pH,Cond_Flow,-0.02,-0.022607210409056257,0.13036052045281288,4.0,4.0,0.0,18.0,18.515592441442283,0.028644024524571376
25,20260836,MP_pH,Makeup_Flow,-0.03,-0.030986162218482077,0.032872073949402614,4.0,2.0,-2.0,16.0,17.986613211621815,0.12416332572636346
25,20260836,MP_pH,initial_colored_disturbance,,0.002563853732564803,,,,,,,saved initial state
25,20260836,COND_kappa,FW_NH3_PID_SP,-0.006,-0.005642273814609749,-0.059621030898375116,6.0,5.0,-1.0,16.0,14.980280717140136,-0.06373245517874149
25,20260836,COND_kappa,COND_NH3_PID_SP,-0.08,-0.08873304122442516,0.10916301530531447,4.0,6.0,2.0,15.0,14.070698943503535,-0.06195340376643099
25,20260836,COND_kappa,LP_Drum_pH,0.0,0.0,,2.0,3.0,1.0,8.0,7.009530518321403,-0.12380868520982458
25,20260836,COND_kappa,LP_Drum_Cond,0.004,0.003432539479965708,-0.14186513000857304,2.0,2.0,0.0,10.0,8.69017120731246,-0.13098287926875396
25,20260836,COND_kappa,LP_ECO_pH,-0.003,-0.0034414757580151574,0.14715858600505238,2.0,1.0,-1.0,10.0,9.973250803023852,-0.002674919697614797
25,20260836,COND_kappa,Cond_Flow,0.06,0.058351842307296564,-0.02746929487839056,3.0,2.0,-1.0,14.0,12.603807876843051,-0.0997280087969249
25,20260836,COND_kappa,Makeup_Flow,0.08,0.08319633681838998,0.039954210229874665,3.0,2.0,-1.0,12.0,12.286079700461226,0.02383997503843549
25,20260836,COND_kappa,initial_colored_disturbance,,-0.008275472217291037,,,,,,,saved initial state
25,20260836,event,Cond_Flow,,,,132.0,49.0,3.0,0.13620635947619983,,ramp
25,20260836,event,Makeup_Flow,,,,150.0,45.0,4.0,-0.21710259429458867,,step
25,20260836,event,Cond_Flow,,,,211.0,31.0,3.0,0.11326537599767747,,step
25,20260836,event,unmeasured_colored_disturbance,,,,215.0,49.0,-1.0,0.011722547844364361,,enhanced_colored
26,20260837,HP_pH,FW_NH3_PID_SP,0.06,0.06879719480537323,0.14661991342288716,5.0,5.0,0.0,18.0,16.396521342523783,-0.08908214763756761
26,20260837,HP_pH,COND_NH3_PID_SP,0.015,0.015440933663288867,0.029395577552591146,7.0,7.0,0.0,20.0,21.559423766959664,0.07797118834798322
26,20260837,HP_pH,LP_Drum_pH,0.03,0.028631854672012763,-0.04560484426624123,3.0,3.0,0.0,12.0,10.595456109392414,-0.11704532421729885
26,20260837,HP_pH,LP_Drum_Cond,-0.025,-0.028569653370992338,0.1427861348396935,2.0,2.0,0.0,10.0,11.980553827362693,0.19805538273626921
26,20260837,HP_pH,LP_ECO_pH,0.015,0.0145986252161092,-0.026758318926053293,3.0,2.0,-1.0,12.0,13.199420178822702,0.0999516815685586
26,20260837,HP_pH,Cond_Flow,-0.03,-0.0326199908357385,0.08733302785795005,4.0,3.0,-1.0,18.0,16.143043343737357,-0.10316425868125789
26,20260837,HP_pH,Makeup_Flow,-0.04,-0.04589275626649112,0.14731890666227798,4.0,6.0,2.0,15.0,14.250636765533748,-0.04995754896441673
26,20260837,HP_pH,initial_colored_disturbance,,0.002696592614425489,,,,,,,saved initial state
26,20260837,MP_pH,FW_NH3_PID_SP,0.05,0.05289198409245696,0.057839681849139124,6.0,4.0,-2.0,20.0,16.521661639456298,-0.17391691802718512
26,20260837,MP_pH,COND_NH3_PID_SP,0.012,0.011545615401965933,-0.037865383169505606,8.0,10.0,2.0,22.0,18.36061896387014,-0.16542641073317543
26,20260837,MP_pH,LP_Drum_pH,0.02,0.019039695504586087,-0.04801522477069564,3.0,1.0,-2.0,14.0,15.640099368972425,0.11714995492660174
26,20260837,MP_pH,LP_Drum_Cond,-0.02,-0.02029919253473083,0.014959626736541498,2.0,3.0,1.0,12.0,13.177739867745432,0.09814498897878599
26,20260837,MP_pH,LP_ECO_pH,0.01,0.00997957330558556,-0.002042669441443934,3.0,5.0,2.0,14.0,15.705935607832345,0.12185254341659602
26,20260837,MP_pH,Cond_Flow,-0.02,-0.018443648983867005,-0.07781755080664976,4.0,6.0,2.0,18.0,18.210788362514908,0.011710464584161473
26,20260837,MP_pH,Makeup_Flow,-0.03,-0.03028904363433799,0.009634787811266365,4.0,6.0,2.0,16.0,16.03313376806764,0.0020708605042274453
26,20260837,MP_pH,initial_colored_disturbance,,0.003732372004225074,,,,,,,saved initial state
26,20260837,COND_kappa,FW_NH3_PID_SP,-0.006,-0.005731803425266449,-0.04469942912225844,6.0,6.0,0.0,16.0,16.23131899779113,0.014457437361945713
26,20260837,COND_kappa,COND_NH3_PID_SP,-0.08,-0.07165752620541153,-0.10428092243235587,4.0,6.0,2.0,15.0,13.2319798426054,-0.11786801049297335
26,20260837,COND_kappa,LP_Drum_pH,0.0,0.0,,2.0,1.0,-1.0,8.0,7.8327651383082575,-0.020904357711467814
26,20260837,COND_kappa,LP_Drum_Cond,0.004,0.004576951384130477,0.14423784603261924,2.0,2.0,0.0,10.0,8.310405026089544,-0.16895949739104554
26,20260837,COND_kappa,LP_ECO_pH,-0.003,-0.002804705573750417,-0.06509814208319431,2.0,1.0,-1.0,10.0,9.413968152903536,-0.05860318470964643
26,20260837,COND_kappa,Cond_Flow,0.06,0.05931160286010609,-0.01147328566489847,3.0,4.0,1.0,14.0,13.044009135023373,-0.06828506178404481
26,20260837,COND_kappa,Makeup_Flow,0.08,0.0872665492290374,0.09083186536296739,3.0,1.0,-2.0,12.0,11.236844580516593,-0.06359628495695058
26,20260837,COND_kappa,initial_colored_disturbance,,0.001562977728346045,,,,,,,saved initial state
26,20260837,event,Cond_Flow,,,,137.0,35.0,3.0,0.09799542778950972,,pulse
26,20260837,event,Makeup_Flow,,,,224.0,25.0,4.0,-0.24887429525819812,,pulse
26,20260837,event,Cond_Flow,,,,282.0,31.0,3.0,-0.14081418458629122,,pulse
26,20260837,event,unmeasured_colored_disturbance,,,,159.0,39.0,-1.0,0.011528286056090875,,enhanced_colored
27,20260838,HP_pH,FW_NH3_PID_SP,0.06,0.05905917615979438,-0.0156803973367603,5.0,3.0,-2.0,18.0,16.34365831224552,-0.09201898265302666
27,20260838,HP_pH,COND_NH3_PID_SP,0.015,0.015797191701955142,0.05314611346367615,7.0,9.0,2.0,20.0,22.10994152037985,0.10549707601899239
27,20260838,HP_pH,LP_Drum_pH,0.03,0.027964539660543856,-0.06784867798187144,3.0,2.0,-1.0,12.0,11.161445814578805,-0.0698795154517663
27,20260838,HP_pH,LP_Drum_Cond,-0.025,-0.027725494029456232,0.1090197611782493,2.0,0.0,-2.0,10.0,9.08414030781206,-0.09158596921879403
27,20260838,HP_pH,LP_ECO_pH,0.015,0.015886100033391175,0.059073335559411744,3.0,5.0,2.0,12.0,12.968234694074656,0.08068622450622143
27,20260838,HP_pH,Cond_Flow,-0.03,-0.031780820055201955,0.05936066850673183,4.0,6.0,2.0,18.0,17.493983770158952,-0.028112012768947148
27,20260838,HP_pH,Makeup_Flow,-0.04,-0.04237557005062557,0.0593892512656391,4.0,2.0,-2.0,15.0,12.529477046365054,-0.1647015302423297
27,20260838,HP_pH,initial_colored_disturbance,,0.0027428952581959043,,,,,,,saved initial state
27,20260838,MP_pH,FW_NH3_PID_SP,0.05,0.05167741766446732,0.033548353289346355,6.0,7.0,1.0,20.0,21.153771132013517,0.057688556600675955
27,20260838,MP_pH,COND_NH3_PID_SP,0.012,0.01187147188938286,-0.0107106758847616,8.0,7.0,-1.0,22.0,24.70371084572182,0.12289594753280997
27,20260838,MP_pH,LP_Drum_pH,0.02,0.020602295510429715,0.03011477552148567,3.0,1.0,-2.0,14.0,14.268517340154188,0.019179810011013432
27,20260838,MP_pH,LP_Drum_Cond,-0.02,-0.021326541434635807,0.06632707173179031,2.0,3.0,1.0,12.0,14.183394903431036,0.1819495752859197
27,20260838,MP_pH,LP_ECO_pH,0.01,0.00969218064382047,-0.03078193561795295,3.0,2.0,-1.0,14.0,14.107186246952022,0.007656160496573028
27,20260838,MP_pH,Cond_Flow,-0.02,-0.020318401181925762,0.01592005909628802,4.0,3.0,-1.0,18.0,19.10481958304368,0.06137886572464901
27,20260838,MP_pH,Makeup_Flow,-0.03,-0.029357492554996614,-0.02141691483344621,4.0,2.0,-2.0,16.0,17.737493541533247,0.10859334634582796
27,20260838,MP_pH,initial_colored_disturbance,,0.0007274939700501964,,,,,,,saved initial state
27,20260838,COND_kappa,FW_NH3_PID_SP,-0.006,-0.0065480873724279645,0.0913478954046607,6.0,6.0,0.0,16.0,18.488142426828723,0.1555089016767952
27,20260838,COND_kappa,COND_NH3_PID_SP,-0.08,-0.0870201131153338,0.08775141394167241,4.0,6.0,2.0,15.0,17.079898217179252,0.1386598811452835
27,20260838,COND_kappa,LP_Drum_pH,0.0,0.0,,2.0,4.0,2.0,8.0,6.854648760120909,-0.14316890498488632
27,20260838,COND_kappa,LP_Drum_Cond,0.004,0.003718642017678308,-0.07033949558042307,2.0,0.0,-2.0,10.0,8.273720591615483,-0.17262794083845168
27,20260838,COND_kappa,LP_ECO_pH,-0.003,-0.002649337431710999,-0.1168875227630004,2.0,0.0,-2.0,10.0,8.516388022383913,-0.14836119776160872
27,20260838,COND_kappa,Cond_Flow,0.06,0.05598039316371604,-0.06699344727139933,3.0,1.0,-2.0,14.0,11.426838407036149,-0.18379725664027513
27,20260838,COND_kappa,Makeup_Flow,0.08,0.08592987457212674,0.07412343215158423,3.0,5.0,2.0,12.0,12.365260180583814,0.03043834838198456
27,20260838,COND_kappa,initial_colored_disturbance,,0.008913663255859126,,,,,,,saved initial state
27,20260838,event,Cond_Flow,,,,110.0,49.0,3.0,-0.12506695880932067,,ramp
27,20260838,event,Makeup_Flow,,,,119.0,30.0,4.0,0.19733549982971949,,pulse
27,20260838,event,Cond_Flow,,,,168.0,49.0,3.0,0.10111461670998487,,ramp
27,20260838,event,unmeasured_colored_disturbance,,,,237.0,30.0,-1.0,0.0142578114521387,,enhanced_colored
28,20260839,HP_pH,FW_NH3_PID_SP,0.06,0.057325477454509256,-0.04457537575817905,5.0,5.0,0.0,18.0,19.48476690745263,0.08248705041403515
28,20260839,HP_pH,COND_NH3_PID_SP,0.015,0.0129852235184876,-0.1343184321008266,7.0,9.0,2.0,20.0,20.946323758093776,0.04731618790468883
28,20260839,HP_pH,LP_Drum_pH,0.03,0.03376122022240238,0.12537400741341287,3.0,4.0,1.0,12.0,14.335255218181365,0.19460460151511372
28,20260839,HP_pH,LP_Drum_Cond,-0.025,-0.024220477507918507,-0.031180899683259766,2.0,0.0,-2.0,10.0,11.440405620233658,0.1440405620233658
28,20260839,HP_pH,LP_ECO_pH,0.015,0.015377874251363164,0.025191616757544333,3.0,1.0,-2.0,12.0,11.6211824265012,-0.03156813112489998
28,20260839,HP_pH,Cond_Flow,-0.03,-0.029744087531298254,-0.008530415623391518,4.0,6.0,2.0,18.0,19.83184868182247,0.10176937121235952
28,20260839,HP_pH,Makeup_Flow,-0.04,-0.045556245819053265,0.13890614547633162,4.0,3.0,-1.0,15.0,17.93248308818012,0.19549887254534126
28,20260839,HP_pH,initial_colored_disturbance,,-0.0023110964125177672,,,,,,,saved initial state
28,20260839,MP_pH,FW_NH3_PID_SP,0.05,0.05303176962666674,0.06063539253333472,6.0,7.0,1.0,20.0,19.416625036540346,-0.02916874817298276
28,20260839,MP_pH,COND_NH3_PID_SP,0.012,0.011587492192398725,-0.034375650633439614,8.0,7.0,-1.0,22.0,25.560797336015785,0.16185442436435382
28,20260839,MP_pH,LP_Drum_pH,0.02,0.017971347059207565,-0.10143264703962174,3.0,2.0,-1.0,14.0,15.863388630132045,0.1330991878665746
28,20260839,MP_pH,LP_Drum_Cond,-0.02,-0.018083961670253067,-0.0958019164873466,2.0,3.0,1.0,12.0,13.719869824761851,0.1433224853968209
28,20260839,MP_pH,LP_ECO_pH,0.01,0.010590725709804372,0.05907257098043717,3.0,4.0,1.0,14.0,12.832939538424645,-0.0833614615410968
28,20260839,MP_pH,Cond_Flow,-0.02,-0.02141263929356631,0.07063196467831556,4.0,3.0,-1.0,18.0,18.93578303615682,0.05198794645315674
28,20260839,MP_pH,Makeup_Flow,-0.03,-0.03349851273051126,0.11661709101704187,4.0,3.0,-1.0,16.0,14.382435807853344,-0.10109776200916598
28,20260839,MP_pH,initial_colored_disturbance,,-0.003170982809690364,,,,,,,saved initial state
28,20260839,COND_kappa,FW_NH3_PID_SP,-0.006,-0.005913525772933663,-0.014412371177722871,6.0,4.0,-2.0,16.0,18.437492700362856,0.15234329377267852
28,20260839,COND_kappa,COND_NH3_PID_SP,-0.08,-0.08733029496227426,0.09162868702842819,4.0,4.0,0.0,15.0,14.038390410352132,-0.06410730597652448
28,20260839,COND_kappa,LP_Drum_pH,0.0,0.0,,2.0,3.0,1.0,8.0,9.376758451099217,0.17209480638740215
28,20260839,COND_kappa,LP_Drum_Cond,0.004,0.003992386524486591,-0.0019033688783522962,2.0,4.0,2.0,10.0,9.475272814746944,-0.05247271852530555
28,20260839,COND_kappa,LP_ECO_pH,-0.003,-0.0034443974772461884,0.14813249241539617,2.0,3.0,1.0,10.0,10.677612767103966,0.06776127671039656
28,20260839,COND_kappa,Cond_Flow,0.06,0.057175063939346384,-0.047082267677560186,3.0,1.0,-2.0,14.0,11.73427554597653,-0.1618374610016764
28,20260839,COND_kappa,Makeup_Flow,0.08,0.08908196855686835,0.11352460696085442,3.0,5.0,2.0,12.0,14.024108332837288,0.16867569440310737
28,20260839,COND_kappa,initial_colored_disturbance,,-0.0028344732144109843,,,,,,,saved initial state
28,20260839,event,Cond_Flow,,,,134.0,28.0,3.0,-0.13491183514829858,,step
28,20260839,event,Makeup_Flow,,,,145.0,42.0,4.0,-0.2159786738557583,,ramp
28,20260839,event,Cond_Flow,,,,216.0,28.0,3.0,-0.14641249926494815,,step
28,20260839,event,unmeasured_colored_disturbance,,,,154.0,29.0,-1.0,0.018219004121558923,,enhanced_colored
29,20260840,HP_pH,FW_NH3_PID_SP,0.06,0.06697491313525167,0.1162485522541945,5.0,6.0,1.0,18.0,17.80738743577921,-0.010700698012266141
29,20260840,HP_pH,COND_NH3_PID_SP,0.015,0.01381633962814904,-0.07891069145673058,7.0,5.0,-2.0,20.0,20.324608004039554,0.016230400201977746
29,20260840,HP_pH,LP_Drum_pH,0.03,0.030521213068202255,0.01737376894007525,3.0,5.0,2.0,12.0,13.48711465043041,0.12392622086920091
29,20260840,HP_pH,LP_Drum_Cond,-0.025,-0.022166052355719855,-0.11335790577120586,2.0,3.0,1.0,10.0,8.389723431131817,-0.1610276568868183
29,20260840,HP_pH,LP_ECO_pH,0.015,0.014778760353340055,-0.014749309777329578,3.0,2.0,-1.0,12.0,12.365825493544978,0.030485457795414783
29,20260840,HP_pH,Cond_Flow,-0.03,-0.027377776331710107,-0.08740745560966312,4.0,5.0,1.0,18.0,17.745435630970192,-0.014142464946100386
29,20260840,HP_pH,Makeup_Flow,-0.04,-0.040122779474364885,0.003069486859122117,4.0,2.0,-2.0,15.0,12.861723867309978,-0.14255174217933475
29,20260840,HP_pH,initial_colored_disturbance,,0.001196083602591379,,,,,,,saved initial state
29,20260840,MP_pH,FW_NH3_PID_SP,0.05,0.051965725349697484,0.03931450699394956,6.0,7.0,1.0,20.0,23.816584387186754,0.19082921935933772
29,20260840,MP_pH,COND_NH3_PID_SP,0.012,0.012163614148004641,0.013634512333720039,8.0,7.0,-1.0,22.0,17.65303114811822,-0.19758949326735364
29,20260840,MP_pH,LP_Drum_pH,0.02,0.017563824647333123,-0.1218087676333438,3.0,1.0,-2.0,14.0,15.709270109041572,0.12209072207439808
29,20260840,MP_pH,LP_Drum_Cond,-0.02,-0.018552058131216267,-0.07239709343918665,2.0,1.0,-1.0,12.0,12.334761080358607,0.027896756696550673
29,20260840,MP_pH,LP_ECO_pH,0.01,0.009548652587476386,-0.04513474125236139,3.0,1.0,-2.0,14.0,13.246675358036667,-0.05380890299738095
29,20260840,MP_pH,Cond_Flow,-0.02,-0.020008847817999633,0.00044239089998154846,4.0,3.0,-1.0,18.0,17.397403528453758,-0.033477581752568986
29,20260840,MP_pH,Makeup_Flow,-0.03,-0.03138144059408678,0.04604801980289275,4.0,4.0,0.0,16.0,16.55638683665349,0.0347741772908432
29,20260840,MP_pH,initial_colored_disturbance,,0.0009057825668824801,,,,,,,saved initial state
29,20260840,COND_kappa,FW_NH3_PID_SP,-0.006,-0.005241427091697847,-0.12642881805035888,6.0,4.0,-2.0,16.0,17.953193854616792,0.12207461591354951
29,20260840,COND_kappa,COND_NH3_PID_SP,-0.08,-0.06935755156858035,-0.13303060539274558,4.0,2.0,-2.0,15.0,17.817486016464898,0.18783240109765975
29,20260840,COND_kappa,LP_Drum_pH,0.0,0.0,,2.0,2.0,0.0,8.0,6.48926274830823,-0.1888421564614713
29,20260840,COND_kappa,LP_Drum_Cond,0.004,0.0035038183422171085,-0.12404541444572292,2.0,0.0,-2.0,10.0,8.744337502191577,-0.1255662497808423
29,20260840,COND_kappa,LP_ECO_pH,-0.003,-0.0033986087133540603,0.1328695711180201,2.0,3.0,1.0,10.0,11.2999829796842,0.12999829796842
29,20260840,COND_kappa,Cond_Flow,0.06,0.05735367508764327,-0.044105415205945464,3.0,1.0,-2.0,14.0,11.833983927003876,-0.1547154337854374
29,20260840,COND_kappa,Makeup_Flow,0.08,0.08905424089977268,0.11317801124715854,3.0,4.0,1.0,12.0,13.383582617043142,0.1152985514202618
29,20260840,COND_kappa,initial_colored_disturbance,,0.010714730083729104,,,,,,,saved initial state
29,20260840,event,Cond_Flow,,,,76.0,26.0,3.0,-0.1484690976491613,,step
29,20260840,event,Makeup_Flow,,,,227.0,51.0,4.0,-0.1872705785583905,,ramp
29,20260840,event,Cond_Flow,,,,288.0,38.0,3.0,0.09793477128538766,,step
29,20260840,event,unmeasured_colored_disturbance,,,,187.0,20.0,-1.0,0.013836846086630735,,enhanced_colored
30,20260841,HP_pH,FW_NH3_PID_SP,0.06,0.05321265673925192,-0.11312238767913463,5.0,4.0,-1.0,18.0,16.431705712645034,-0.08712746040860919
30,20260841,HP_pH,COND_NH3_PID_SP,0.015,0.016715786292918554,0.11438575286123687,7.0,5.0,-2.0,20.0,23.017826312702454,0.1508913156351226
30,20260841,HP_pH,LP_Drum_pH,0.03,0.034312958239335486,0.14376527464451616,3.0,1.0,-2.0,12.0,11.522347577576234,-0.03980436853531388
30,20260841,HP_pH,LP_Drum_Cond,-0.025,-0.023895848572755878,-0.044166057089764954,2.0,2.0,0.0,10.0,10.62529559382185,0.06252955938218507
30,20260841,HP_pH,LP_ECO_pH,0.015,0.01408957101758935,-0.06069526549404325,3.0,5.0,2.0,12.0,11.336055441808467,-0.055328713182627776
30,20260841,HP_pH,Cond_Flow,-0.03,-0.034120666652342785,0.13735555507809294,4.0,5.0,1.0,18.0,18.183296980714108,0.01018316559522825
30,20260841,HP_pH,Makeup_Flow,-0.04,-0.041627889766320265,0.040697244158006685,4.0,6.0,2.0,15.0,12.671035167930953,-0.1552643221379365
30,20260841,HP_pH,initial_colored_disturbance,,-0.0009642039009173425,,,,,,,saved initial state
30,20260841,MP_pH,FW_NH3_PID_SP,0.05,0.05564194617963491,0.11283892359269809,6.0,6.0,0.0,20.0,18.382933628828376,-0.08085331855858124
30,20260841,MP_pH,COND_NH3_PID_SP,0.012,0.012511940247571955,0.04266168729766284,8.0,8.0,0.0,22.0,23.816789796803228,0.0825813544001468
30,20260841,MP_pH,LP_Drum_pH,0.02,0.021635186809736685,0.0817593404868342,3.0,5.0,2.0,14.0,11.240703319935731,-0.1970926200045906
30,20260841,MP_pH,LP_Drum_Cond,-0.02,-0.017677174943355536,-0.11614125283222321,2.0,0.0,-2.0,12.0,11.376548299113068,-0.051954308407244354
30,20260841,MP_pH,LP_ECO_pH,0.01,0.009939431313009764,-0.006056868699023554,3.0,5.0,2.0,14.0,12.301036709041725,-0.1213545207827339
30,20260841,MP_pH,Cond_Flow,-0.02,-0.01795684170169295,-0.10215791491535242,4.0,4.0,0.0,18.0,20.57082198378478,0.14282344354359888
30,20260841,MP_pH,Makeup_Flow,-0.03,-0.032794212306626595,0.0931404102208866,4.0,2.0,-2.0,16.0,16.163794127141596,0.010237132946349758
30,20260841,MP_pH,initial_colored_disturbance,,-0.0008671013646981937,,,,,,,saved initial state
30,20260841,COND_kappa,FW_NH3_PID_SP,-0.006,-0.006695564310567836,0.1159273850946394,6.0,6.0,0.0,16.0,16.606423792794192,0.03790148704963703
30,20260841,COND_kappa,COND_NH3_PID_SP,-0.08,-0.0824934424945998,0.031168031182497558,4.0,2.0,-2.0,15.0,12.399532367766792,-0.1733645088155472
30,20260841,COND_kappa,LP_Drum_pH,0.0,0.0,,2.0,3.0,1.0,8.0,9.384097408479679,0.1730121760599599
30,20260841,COND_kappa,LP_Drum_Cond,0.004,0.003509725459339605,-0.12256863516509875,2.0,4.0,2.0,10.0,9.245511004558022,-0.07544889954419776
30,20260841,COND_kappa,LP_ECO_pH,-0.003,-0.0032790149640634725,0.09300498802115742,2.0,1.0,-1.0,10.0,9.88746613279713,-0.011253386720287084
30,20260841,COND_kappa,Cond_Flow,0.06,0.06782161910710145,0.13036031845169083,3.0,3.0,0.0,14.0,14.505455307496737,0.03610395053548121
30,20260841,COND_kappa,Makeup_Flow,0.08,0.08537111213005041,0.06713890162563008,3.0,3.0,0.0,12.0,10.918910141841684,-0.09009082151319303
30,20260841,COND_kappa,initial_colored_disturbance,,0.0011706801483558921,,,,,,,saved initial state
30,20260841,event,Cond_Flow,,,,116.0,42.0,3.0,-0.13969013499392224,,ramp
30,20260841,event,Makeup_Flow,,,,188.0,50.0,4.0,0.1578055597754453,,ramp
30,20260841,event,Cond_Flow,,,,234.0,36.0,3.0,-0.11339675661272283,,pulse
30,20260841,event,unmeasured_colored_disturbance,,,,151.0,43.0,-1.0,0.013971144878428408,,enhanced_colored
